user_id,cohort_month,join_date,period,is_active,revenue
0,2023-01-01,2023-01-01,0,1,15
0,2023-01-01,2023-01-01,1,1,13
0,2023-01-01,2023-01-01,2,1,10
0,2023-01-01,2023-01-01,3,0,0
0,2023-01-01,2023-01-01,4,1,3
0,2023-01-01,2023-01-01,5,0,0
0,2023-01-01,2023-01-01,6,0,0
0,2023-01-01,2023-01-01,7,0,0
0,2023-01-01,2023-01-01,8,0,0
0,2023-01-01,2023-01-01,9,0,0
1,2023-08-01,2023-08-01,0,1,9
1,2023-08-01,2023-08-01,1,1,5
1,2023-08-01,2023-08-01,2,1,8
2,2023-07-01,2023-07-01,0,1,12
2,2023-07-01,2023-07-01,1,1,10
2,2023-07-01,2023-07-01,2,0,0
2,2023-07-01,2023-07-01,3,1,6
3,2023-05-01,2023-05-01,0,1,9
3,2023-05-01,2023-05-01,1,1,9
3,2023-05-01,2023-05-01,2,0,0
3,2023-05-01,2023-05-01,3,0,0
3,2023-05-01,2023-05-01,4,1,3
3,2023-05-01,2023-05-01,5,0,0
4,2023-05-01,2023-05-01,0,1,10
4,2023-05-01,2023-05-01,1,1,5
4,2023-05-01,2023-05-01,2,1,11
4,2023-05-01,2023-05-01,3,1,13
4,2023-05-01,2023-05-01,4,0,0
4,2023-05-01,2023-05-01,5,0,0
5,2023-09-01,2023-09-01,0,1,8
5,2023-09-01,2023-09-01,1,1,8
6,2023-01-01,2023-01-01,0,1,10
6,2023-01-01,2023-01-01,1,1,15
6,2023-01-01,2023-01-01,2,0,0
6,2023-01-01,2023-01-01,3,0,0
6,2023-01-01,2023-01-01,4,0,0
6,2023-01-01,2023-01-01,5,0,0
6,2023-01-01,2023-01-01,6,1,9
6,2023-01-01,2023-01-01,7,0,0
6,2023-01-01,2023-01-01,8,0,0
6,2023-01-01,2023-01-01,9,0,0
7,2023-07-01,2023-07-01,0,1,12
7,2023-07-01,2023-07-01,1,1,11
7,2023-07-01,2023-07-01,2,1,14
7,2023-07-01,2023-07-01,3,1,9
8,2023-03-01,2023-03-01,0,1,12
8,2023-03-01,2023-03-01,1,1,6
8,2023-03-01,2023-03-01,2,1,9
8,2023-03-01,2023-03-01,3,0,0
8,2023-03-01,2023-03-01,4,0,0
8,2023-03-01,2023-03-01,5,1,3
8,2023-03-01,2023-03-01,6,0,0
8,2023-03-01,2023-03-01,7,0,0
9,2023-01-01,2023-01-01,0,1,12
9,2023-01-01,2023-01-01,1,0,0
9,2023-01-01,2023-01-01,2,0,0
9,2023-01-01,2023-01-01,3,1,14
9,2023-01-01,2023-01-01,4,0,0
9,2023-01-01,2023-01-01,5,0,0
9,2023-01-01,2023-01-01,6,0,0
9,2023-01-01,2023-01-01,7,0,0
9,2023-01-01,2023-01-01,8,1,12
9,2023-01-01,2023-01-01,9,0,0
10,2023-06-01,2023-06-01,0,1,8
10,2023-06-01,2023-06-01,1,1,11
10,2023-06-01,2023-06-01,2,0,0
10,2023-06-01,2023-06-01,3,1,7
10,2023-06-01,2023-06-01,4,0,0
11,2023-10-01,2023-10-01,0,1,9
12,2023-08-01,2023-08-01,0,1,12
12,2023-08-01,2023-08-01,1,1,15
12,2023-08-01,2023-08-01,2,0,0
13,2023-08-01,2023-08-01,0,1,9
13,2023-08-01,2023-08-01,1,1,11
13,2023-08-01,2023-08-01,2,1,10
14,2023-08-01,2023-08-01,0,1,15
14,2023-08-01,2023-08-01,1,1,15
14,2023-08-01,2023-08-01,2,1,11
15,2023-08-01,2023-08-01,0,1,8
15,2023-08-01,2023-08-01,1,1,8
15,2023-08-01,2023-08-01,2,1,13
16,2023-06-01,2023-06-01,0,1,7
16,2023-06-01,2023-06-01,1,0,0
16,2023-06-01,2023-06-01,2,1,17
16,2023-06-01,2023-06-01,3,0,0
16,2023-06-01,2023-06-01,4,0,0
17,2023-02-01,2023-02-01,0,1,18
17,2023-02-01,2023-02-01,1,0,0
17,2023-02-01,2023-02-01,2,0,0
17,2023-02-01,2023-02-01,3,0,0
17,2023-02-01,2023-02-01,4,0,0
17,2023-02-01,2023-02-01,5,0,0
17,2023-02-01,2023-02-01,6,0,0
17,2023-02-01,2023-02-01,7,0,0
17,2023-02-01,2023-02-01,8,0,0
18,2023-09-01,2023-09-01,0,1,9
18,2023-09-01,2023-09-01,1,1,7
19,2023-05-01,2023-05-01,0,1,9
19,2023-05-01,2023-05-01,1,0,0
19,2023-05-01,2023-05-01,2,0,0
19,2023-05-01,2023-05-01,3,1,10
19,2023-05-01,2023-05-01,4,0,0
19,2023-05-01,2023-05-01,5,1,14
20,2023-06-01,2023-06-01,0,1,8
20,2023-06-01,2023-06-01,1,1,12
20,2023-06-01,2023-06-01,2,0,0
20,2023-06-01,2023-06-01,3,1,12
20,2023-06-01,2023-06-01,4,0,0
21,2023-04-01,2023-04-01,0,1,11
21,2023-04-01,2023-04-01,1,1,11
21,2023-04-01,2023-04-01,2,1,14
21,2023-04-01,2023-04-01,3,1,9
21,2023-04-01,2023-04-01,4,1,9
21,2023-04-01,2023-04-01,5,0,0
21,2023-04-01,2023-04-01,6,1,11
22,2023-02-01,2023-02-01,0,1,9
22,2023-02-01,2023-02-01,1,0,0
22,2023-02-01,2023-02-01,2,0,0
22,2023-02-01,2023-02-01,3,0,0
22,2023-02-01,2023-02-01,4,0,0
22,2023-02-01,2023-02-01,5,0,0
22,2023-02-01,2023-02-01,6,0,0
22,2023-02-01,2023-02-01,7,0,0
22,2023-02-01,2023-02-01,8,0,0
23,2023-10-01,2023-10-01,0,1,8
24,2023-08-01,2023-08-01,0,1,11
24,2023-08-01,2023-08-01,1,0,0
24,2023-08-01,2023-08-01,2,1,6
25,2023-07-01,2023-07-01,0,1,11
25,2023-07-01,2023-07-01,1,1,14
25,2023-07-01,2023-07-01,2,1,8
25,2023-07-01,2023-07-01,3,1,8
26,2023-05-01,2023-05-01,0,1,14
26,2023-05-01,2023-05-01,1,1,7
26,2023-05-01,2023-05-01,2,1,9
26,2023-05-01,2023-05-01,3,1,11
26,2023-05-01,2023-05-01,4,1,9
26,2023-05-01,2023-05-01,5,0,0
27,2023-09-01,2023-09-01,0,1,13
27,2023-09-01,2023-09-01,1,1,9
28,2023-06-01,2023-06-01,0,1,6
28,2023-06-01,2023-06-01,1,1,15
28,2023-06-01,2023-06-01,2,1,9
28,2023-06-01,2023-06-01,3,1,12
28,2023-06-01,2023-06-01,4,0,0
29,2023-05-01,2023-05-01,0,1,5
29,2023-05-01,2023-05-01,1,1,9
29,2023-05-01,2023-05-01,2,1,9
29,2023-05-01,2023-05-01,3,1,11
29,2023-05-01,2023-05-01,4,0,0
29,2023-05-01,2023-05-01,5,1,10
30,2023-05-01,2023-05-01,0,1,9
30,2023-05-01,2023-05-01,1,0,0
30,2023-05-01,2023-05-01,2,0,0
30,2023-05-01,2023-05-01,3,1,7
30,2023-05-01,2023-05-01,4,1,14
30,2023-05-01,2023-05-01,5,0,0
31,2023-03-01,2023-03-01,0,1,7
31,2023-03-01,2023-03-01,1,1,7
31,2023-03-01,2023-03-01,2,1,10
31,2023-03-01,2023-03-01,3,0,0
31,2023-03-01,2023-03-01,4,0,0
31,2023-03-01,2023-03-01,5,1,17
31,2023-03-01,2023-03-01,6,0,0
31,2023-03-01,2023-03-01,7,0,0
32,2023-01-01,2023-01-01,0,1,10
32,2023-01-01,2023-01-01,1,1,11
32,2023-01-01,2023-01-01,2,0,0
32,2023-01-01,2023-01-01,3,0,0
32,2023-01-01,2023-01-01,4,0,0
32,2023-01-01,2023-01-01,5,1,11
32,2023-01-01,2023-01-01,6,0,0
32,2023-01-01,2023-01-01,7,0,0
32,2023-01-01,2023-01-01,8,0,0
32,2023-01-01,2023-01-01,9,0,0
33,2023-06-01,2023-06-01,0,1,13
33,2023-06-01,2023-06-01,1,1,6
33,2023-06-01,2023-06-01,2,0,0
33,2023-06-01,2023-06-01,3,0,0
33,2023-06-01,2023-06-01,4,1,6
34,2023-09-01,2023-09-01,0,1,9
34,2023-09-01,2023-09-01,1,1,8
35,2023-01-01,2023-01-01,0,1,7
35,2023-01-01,2023-01-01,1,1,13
35,2023-01-01,2023-01-01,2,1,10
35,2023-01-01,2023-01-01,3,0,0
35,2023-01-01,2023-01-01,4,0,0
35,2023-01-01,2023-01-01,5,0,0
35,2023-01-01,2023-01-01,6,1,6
35,2023-01-01,2023-01-01,7,0,0
35,2023-01-01,2023-01-01,8,0,0
35,2023-01-01,2023-01-01,9,0,0
36,2023-09-01,2023-09-01,0,1,8
36,2023-09-01,2023-09-01,1,1,9
37,2023-09-01,2023-09-01,0,1,13
37,2023-09-01,2023-09-01,1,1,8
38,2023-03-01,2023-03-01,0,1,8
38,2023-03-01,2023-03-01,1,1,12
38,2023-03-01,2023-03-01,2,0,0
38,2023-03-01,2023-03-01,3,1,9
38,2023-03-01,2023-03-01,4,0,0
38,2023-03-01,2023-03-01,5,1,8
38,2023-03-01,2023-03-01,6,0,0
38,2023-03-01,2023-03-01,7,0,0
39,2023-07-01,2023-07-01,0,1,6
39,2023-07-01,2023-07-01,1,1,15
39,2023-07-01,2023-07-01,2,1,10
39,2023-07-01,2023-07-01,3,1,8
40,2023-02-01,2023-02-01,0,1,12
40,2023-02-01,2023-02-01,1,1,9
40,2023-02-01,2023-02-01,2,1,11
40,2023-02-01,2023-02-01,3,0,0
40,2023-02-01,2023-02-01,4,1,9
40,2023-02-01,2023-02-01,5,0,0
40,2023-02-01,2023-02-01,6,0,0
40,2023-02-01,2023-02-01,7,0,0
40,2023-02-01,2023-02-01,8,0,0
41,2023-08-01,2023-08-01,0,1,5
41,2023-08-01,2023-08-01,1,1,12
41,2023-08-01,2023-08-01,2,0,0
42,2023-08-01,2023-08-01,0,1,7
42,2023-08-01,2023-08-01,1,1,7
42,2023-08-01,2023-08-01,2,0,0
43,2023-04-01,2023-04-01,0,1,8
43,2023-04-01,2023-04-01,1,1,7
43,2023-04-01,2023-04-01,2,1,17
43,2023-04-01,2023-04-01,3,0,0
43,2023-04-01,2023-04-01,4,0,0
43,2023-04-01,2023-04-01,5,0,0
43,2023-04-01,2023-04-01,6,1,9
44,2023-01-01,2023-01-01,0,1,14
44,2023-01-01,2023-01-01,1,1,8
44,2023-01-01,2023-01-01,2,1,11
44,2023-01-01,2023-01-01,3,0,0
44,2023-01-01,2023-01-01,4,1,10
44,2023-01-01,2023-01-01,5,0,0
44,2023-01-01,2023-01-01,6,0,0
44,2023-01-01,2023-01-01,7,0,0
44,2023-01-01,2023-01-01,8,0,0
44,2023-01-01,2023-01-01,9,0,0
45,2023-10-01,2023-10-01,0,1,9
46,2023-05-01,2023-05-01,0,1,6
46,2023-05-01,2023-05-01,1,1,6
46,2023-05-01,2023-05-01,2,0,0
46,2023-05-01,2023-05-01,3,0,0
46,2023-05-01,2023-05-01,4,1,7
46,2023-05-01,2023-05-01,5,0,0
47,2023-09-01,2023-09-01,0,1,22
47,2023-09-01,2023-09-01,1,0,0
48,2023-07-01,2023-07-01,0,1,13
48,2023-07-01,2023-07-01,1,1,12
48,2023-07-01,2023-07-01,2,1,6
48,2023-07-01,2023-07-01,3,1,10
49,2023-08-01,2023-08-01,0,1,5
49,2023-08-01,2023-08-01,1,1,8
49,2023-08-01,2023-08-01,2,1,8
50,2023-08-01,2023-08-01,0,1,9
50,2023-08-01,2023-08-01,1,1,13
50,2023-08-01,2023-08-01,2,1,5
51,2023-02-01,2023-02-01,0,1,10
51,2023-02-01,2023-02-01,1,0,0
51,2023-02-01,2023-02-01,2,0,0
51,2023-02-01,2023-02-01,3,0,0
51,2023-02-01,2023-02-01,4,1,13
51,2023-02-01,2023-02-01,5,0,0
51,2023-02-01,2023-02-01,6,1,13
51,2023-02-01,2023-02-01,7,0,0
51,2023-02-01,2023-02-01,8,0,0
52,2023-04-01,2023-04-01,0,1,9
52,2023-04-01,2023-04-01,1,1,13
52,2023-04-01,2023-04-01,2,1,10
52,2023-04-01,2023-04-01,3,0,0
52,2023-04-01,2023-04-01,4,0,0
52,2023-04-01,2023-04-01,5,1,5
52,2023-04-01,2023-04-01,6,0,0
53,2023-05-01,2023-05-01,0,1,6
53,2023-05-01,2023-05-01,1,1,9
53,2023-05-01,2023-05-01,2,1,14
53,2023-05-01,2023-05-01,3,0,0
53,2023-05-01,2023-05-01,4,1,8
53,2023-05-01,2023-05-01,5,0,0
54,2023-05-01,2023-05-01,0,1,10
54,2023-05-01,2023-05-01,1,1,11
54,2023-05-01,2023-05-01,2,0,0
54,2023-05-01,2023-05-01,3,0,0
54,2023-05-01,2023-05-01,4,1,13
54,2023-05-01,2023-05-01,5,0,0
55,2023-01-01,2023-01-01,0,1,8
55,2023-01-01,2023-01-01,1,1,11
55,2023-01-01,2023-01-01,2,0,0
55,2023-01-01,2023-01-01,3,0,0
55,2023-01-01,2023-01-01,4,0,0
55,2023-01-01,2023-01-01,5,1,11
55,2023-01-01,2023-01-01,6,1,10
55,2023-01-01,2023-01-01,7,1,4
55,2023-01-01,2023-01-01,8,0,0
55,2023-01-01,2023-01-01,9,0,0
56,2023-06-01,2023-06-01,0,1,12
56,2023-06-01,2023-06-01,1,0,0
56,2023-06-01,2023-06-01,2,0,0
56,2023-06-01,2023-06-01,3,0,0
56,2023-06-01,2023-06-01,4,0,0
57,2023-02-01,2023-02-01,0,1,8
57,2023-02-01,2023-02-01,1,0,0
57,2023-02-01,2023-02-01,2,0,0
57,2023-02-01,2023-02-01,3,0,0
57,2023-02-01,2023-02-01,4,0,0
57,2023-02-01,2023-02-01,5,0,0
57,2023-02-01,2023-02-01,6,1,16
57,2023-02-01,2023-02-01,7,0,0
57,2023-02-01,2023-02-01,8,0,0
58,2023-08-01,2023-08-01,0,1,11
58,2023-08-01,2023-08-01,1,1,11
58,2023-08-01,2023-08-01,2,0,0
59,2023-07-01,2023-07-01,0,1,9
59,2023-07-01,2023-07-01,1,1,6
59,2023-07-01,2023-07-01,2,0,0
59,2023-07-01,2023-07-01,3,0,0
60,2023-10-01,2023-10-01,0,1,14
61,2023-08-01,2023-08-01,0,1,9
61,2023-08-01,2023-08-01,1,1,16
61,2023-08-01,2023-08-01,2,0,0
62,2023-04-01,2023-04-01,0,1,9
62,2023-04-01,2023-04-01,1,1,11
62,2023-04-01,2023-04-01,2,0,0
62,2023-04-01,2023-04-01,3,0,0
62,2023-04-01,2023-04-01,4,0,0
62,2023-04-01,2023-04-01,5,0,0
62,2023-04-01,2023-04-01,6,0,0
63,2023-10-01,2023-10-01,0,1,12
64,2023-05-01,2023-05-01,0,1,7
64,2023-05-01,2023-05-01,1,1,16
64,2023-05-01,2023-05-01,2,1,9
64,2023-05-01,2023-05-01,3,1,12
64,2023-05-01,2023-05-01,4,0,0
64,2023-05-01,2023-05-01,5,1,14
65,2023-04-01,2023-04-01,0,1,10
65,2023-04-01,2023-04-01,1,1,8
65,2023-04-01,2023-04-01,2,1,11
65,2023-04-01,2023-04-01,3,0,0
65,2023-04-01,2023-04-01,4,1,10
65,2023-04-01,2023-04-01,5,1,7
65,2023-04-01,2023-04-01,6,1,9
66,2023-10-01,2023-10-01,0,1,13
67,2023-04-01,2023-04-01,0,1,11
67,2023-04-01,2023-04-01,1,1,9
67,2023-04-01,2023-04-01,2,1,14
67,2023-04-01,2023-04-01,3,0,0
67,2023-04-01,2023-04-01,4,1,10
67,2023-04-01,2023-04-01,5,0,0
67,2023-04-01,2023-04-01,6,0,0
68,2023-01-01,2023-01-01,0,1,9
68,2023-01-01,2023-01-01,1,0,0
68,2023-01-01,2023-01-01,2,1,10
68,2023-01-01,2023-01-01,3,0,0
68,2023-01-01,2023-01-01,4,0,0
68,2023-01-01,2023-01-01,5,0,0
68,2023-01-01,2023-01-01,6,0,0
68,2023-01-01,2023-01-01,7,1,9
68,2023-01-01,2023-01-01,8,1,14
68,2023-01-01,2023-01-01,9,0,0
69,2023-05-01,2023-05-01,0,1,9
69,2023-05-01,2023-05-01,1,1,8
69,2023-05-01,2023-05-01,2,0,0
69,2023-05-01,2023-05-01,3,1,14
69,2023-05-01,2023-05-01,4,0,0
69,2023-05-01,2023-05-01,5,1,6
70,2023-08-01,2023-08-01,0,1,15
70,2023-08-01,2023-08-01,1,1,9
70,2023-08-01,2023-08-01,2,1,8
71,2023-02-01,2023-02-01,0,1,16
71,2023-02-01,2023-02-01,1,1,10
71,2023-02-01,2023-02-01,2,1,10
71,2023-02-01,2023-02-01,3,0,0
71,2023-02-01,2023-02-01,4,0,0
71,2023-02-01,2023-02-01,5,0,0
71,2023-02-01,2023-02-01,6,0,0
71,2023-02-01,2023-02-01,7,0,0
71,2023-02-01,2023-02-01,8,0,0
72,2023-05-01,2023-05-01,0,1,11
72,2023-05-01,2023-05-01,1,1,7
72,2023-05-01,2023-05-01,2,1,3
72,2023-05-01,2023-05-01,3,0,0
72,2023-05-01,2023-05-01,4,0,0
72,2023-05-01,2023-05-01,5,0,0
73,2023-02-01,2023-02-01,0,1,15
73,2023-02-01,2023-02-01,1,1,7
73,2023-02-01,2023-02-01,2,1,8
73,2023-02-01,2023-02-01,3,0,0
73,2023-02-01,2023-02-01,4,0,0
73,2023-02-01,2023-02-01,5,1,9
73,2023-02-01,2023-02-01,6,0,0
73,2023-02-01,2023-02-01,7,0,0
73,2023-02-01,2023-02-01,8,0,0
74,2023-07-01,2023-07-01,0,1,11
74,2023-07-01,2023-07-01,1,1,7
74,2023-07-01,2023-07-01,2,0,0
74,2023-07-01,2023-07-01,3,1,7
75,2023-05-01,2023-05-01,0,1,10
75,2023-05-01,2023-05-01,1,1,10
75,2023-05-01,2023-05-01,2,1,4
75,2023-05-01,2023-05-01,3,0,0
75,2023-05-01,2023-05-01,4,0,0
75,2023-05-01,2023-05-01,5,0,0
76,2023-04-01,2023-04-01,0,1,15
76,2023-04-01,2023-04-01,1,0,0
76,2023-04-01,2023-04-01,2,1,11
76,2023-04-01,2023-04-01,3,0,0
76,2023-04-01,2023-04-01,4,0,0
76,2023-04-01,2023-04-01,5,1,11
76,2023-04-01,2023-04-01,6,0,0
77,2023-03-01,2023-03-01,0,1,9
77,2023-03-01,2023-03-01,1,1,10
77,2023-03-01,2023-03-01,2,1,7
77,2023-03-01,2023-03-01,3,0,0
77,2023-03-01,2023-03-01,4,0,0
77,2023-03-01,2023-03-01,5,0,0
77,2023-03-01,2023-03-01,6,0,0
77,2023-03-01,2023-03-01,7,1,8
78,2023-06-01,2023-06-01,0,1,17
78,2023-06-01,2023-06-01,1,1,8
78,2023-06-01,2023-06-01,2,1,6
78,2023-06-01,2023-06-01,3,0,0
78,2023-06-01,2023-06-01,4,0,0
79,2023-07-01,2023-07-01,0,1,8
79,2023-07-01,2023-07-01,1,0,0
79,2023-07-01,2023-07-01,2,1,12
79,2023-07-01,2023-07-01,3,0,0
80,2023-10-01,2023-10-01,0,1,13
81,2023-05-01,2023-05-01,0,1,13
81,2023-05-01,2023-05-01,1,1,6
81,2023-05-01,2023-05-01,2,1,7
81,2023-05-01,2023-05-01,3,0,0
81,2023-05-01,2023-05-01,4,0,0
81,2023-05-01,2023-05-01,5,0,0
82,2023-02-01,2023-02-01,0,1,9
82,2023-02-01,2023-02-01,1,1,7
82,2023-02-01,2023-02-01,2,1,10
82,2023-02-01,2023-02-01,3,1,13
82,2023-02-01,2023-02-01,4,0,0
82,2023-02-01,2023-02-01,5,0,0
82,2023-02-01,2023-02-01,6,0,0
82,2023-02-01,2023-02-01,7,0,0
82,2023-02-01,2023-02-01,8,0,0
83,2023-09-01,2023-09-01,0,1,11
83,2023-09-01,2023-09-01,1,1,5
84,2023-07-01,2023-07-01,0,1,15
84,2023-07-01,2023-07-01,1,1,8
84,2023-07-01,2023-07-01,2,1,8
84,2023-07-01,2023-07-01,3,0,0
85,2023-08-01,2023-08-01,0,1,6
85,2023-08-01,2023-08-01,1,0,0
85,2023-08-01,2023-08-01,2,1,9
86,2023-01-01,2023-01-01,0,1,12
86,2023-01-01,2023-01-01,1,1,13
86,2023-01-01,2023-01-01,2,1,6
86,2023-01-01,2023-01-01,3,1,7
86,2023-01-01,2023-01-01,4,1,8
86,2023-01-01,2023-01-01,5,0,0
86,2023-01-01,2023-01-01,6,0,0
86,2023-01-01,2023-01-01,7,0,0
86,2023-01-01,2023-01-01,8,0,0
86,2023-01-01,2023-01-01,9,0,0
87,2023-04-01,2023-04-01,0,1,14
87,2023-04-01,2023-04-01,1,0,0
87,2023-04-01,2023-04-01,2,1,7
87,2023-04-01,2023-04-01,3,1,5
87,2023-04-01,2023-04-01,4,1,9
87,2023-04-01,2023-04-01,5,0,0
87,2023-04-01,2023-04-01,6,0,0
88,2023-08-01,2023-08-01,0,1,10
88,2023-08-01,2023-08-01,1,1,9
88,2023-08-01,2023-08-01,2,1,7
89,2023-09-01,2023-09-01,0,1,13
89,2023-09-01,2023-09-01,1,1,7
90,2023-05-01,2023-05-01,0,1,10
90,2023-05-01,2023-05-01,1,1,8
90,2023-05-01,2023-05-01,2,0,0
90,2023-05-01,2023-05-01,3,0,0
90,2023-05-01,2023-05-01,4,1,9
90,2023-05-01,2023-05-01,5,1,9
91,2023-09-01,2023-09-01,0,1,6
91,2023-09-01,2023-09-01,1,1,7
92,2023-09-01,2023-09-01,0,1,14
92,2023-09-01,2023-09-01,1,1,13
93,2023-04-01,2023-04-01,0,1,12
93,2023-04-01,2023-04-01,1,1,10
93,2023-04-01,2023-04-01,2,1,12
93,2023-04-01,2023-04-01,3,0,0
93,2023-04-01,2023-04-01,4,0,0
93,2023-04-01,2023-04-01,5,0,0
93,2023-04-01,2023-04-01,6,0,0
94,2023-09-01,2023-09-01,0,1,11
94,2023-09-01,2023-09-01,1,1,15
95,2023-03-01,2023-03-01,0,1,12
95,2023-03-01,2023-03-01,1,1,7
95,2023-03-01,2023-03-01,2,1,11
95,2023-03-01,2023-03-01,3,1,5
95,2023-03-01,2023-03-01,4,1,8
95,2023-03-01,2023-03-01,5,0,0
95,2023-03-01,2023-03-01,6,1,14
95,2023-03-01,2023-03-01,7,0,0
96,2023-03-01,2023-03-01,0,1,8
96,2023-03-01,2023-03-01,1,1,14
96,2023-03-01,2023-03-01,2,0,0
96,2023-03-01,2023-03-01,3,1,11
96,2023-03-01,2023-03-01,4,0,0
96,2023-03-01,2023-03-01,5,0,0
96,2023-03-01,2023-03-01,6,1,17
96,2023-03-01,2023-03-01,7,0,0
97,2023-07-01,2023-07-01,0,1,7
97,2023-07-01,2023-07-01,1,1,7
97,2023-07-01,2023-07-01,2,0,0
97,2023-07-01,2023-07-01,3,1,12
98,2023-07-01,2023-07-01,0,1,12
98,2023-07-01,2023-07-01,1,1,9
98,2023-07-01,2023-07-01,2,0,0
98,2023-07-01,2023-07-01,3,1,13
99,2023-02-01,2023-02-01,0,1,11
99,2023-02-01,2023-02-01,1,1,8
99,2023-02-01,2023-02-01,2,0,0
99,2023-02-01,2023-02-01,3,0,0
99,2023-02-01,2023-02-01,4,0,0
99,2023-02-01,2023-02-01,5,0,0
99,2023-02-01,2023-02-01,6,1,4
99,2023-02-01,2023-02-01,7,0,0
99,2023-02-01,2023-02-01,8,0,0
100,2023-09-01,2023-09-01,0,1,13
100,2023-09-01,2023-09-01,1,1,11
101,2023-02-01,2023-02-01,0,1,12
101,2023-02-01,2023-02-01,1,1,10
101,2023-02-01,2023-02-01,2,1,7
101,2023-02-01,2023-02-01,3,0,0
101,2023-02-01,2023-02-01,4,1,8
101,2023-02-01,2023-02-01,5,1,8
101,2023-02-01,2023-02-01,6,0,0
101,2023-02-01,2023-02-01,7,1,8
101,2023-02-01,2023-02-01,8,0,0
102,2023-09-01,2023-09-01,0,1,10
102,2023-09-01,2023-09-01,1,1,11
103,2023-01-01,2023-01-01,0,1,12
103,2023-01-01,2023-01-01,1,1,4
103,2023-01-01,2023-01-01,2,1,5
103,2023-01-01,2023-01-01,3,0,0
103,2023-01-01,2023-01-01,4,1,10
103,2023-01-01,2023-01-01,5,0,0
103,2023-01-01,2023-01-01,6,0,0
103,2023-01-01,2023-01-01,7,0,0
103,2023-01-01,2023-01-01,8,1,10
103,2023-01-01,2023-01-01,9,0,0
104,2023-08-01,2023-08-01,0,1,12
104,2023-08-01,2023-08-01,1,1,10
104,2023-08-01,2023-08-01,2,1,9
105,2023-08-01,2023-08-01,0,1,7
105,2023-08-01,2023-08-01,1,0,0
105,2023-08-01,2023-08-01,2,1,6
106,2023-08-01,2023-08-01,0,1,8
106,2023-08-01,2023-08-01,1,1,13
106,2023-08-01,2023-08-01,2,1,10
107,2023-07-01,2023-07-01,0,1,7
107,2023-07-01,2023-07-01,1,1,8
107,2023-07-01,2023-07-01,2,1,11
107,2023-07-01,2023-07-01,3,1,7
108,2023-05-01,2023-05-01,0,1,14
108,2023-05-01,2023-05-01,1,1,8
108,2023-05-01,2023-05-01,2,1,11
108,2023-05-01,2023-05-01,3,1,9
108,2023-05-01,2023-05-01,4,0,0
108,2023-05-01,2023-05-01,5,0,0
109,2023-08-01,2023-08-01,0,1,6
109,2023-08-01,2023-08-01,1,1,9
109,2023-08-01,2023-08-01,2,1,10
110,2023-03-01,2023-03-01,0,1,8
110,2023-03-01,2023-03-01,1,1,8
110,2023-03-01,2023-03-01,2,0,0
110,2023-03-01,2023-03-01,3,1,6
110,2023-03-01,2023-03-01,4,0,0
110,2023-03-01,2023-03-01,5,0,0
110,2023-03-01,2023-03-01,6,0,0
110,2023-03-01,2023-03-01,7,0,0
111,2023-08-01,2023-08-01,0,1,15
111,2023-08-01,2023-08-01,1,1,15
111,2023-08-01,2023-08-01,2,0,0
112,2023-06-01,2023-06-01,0,1,7
112,2023-06-01,2023-06-01,1,1,10
112,2023-06-01,2023-06-01,2,1,9
112,2023-06-01,2023-06-01,3,0,0
112,2023-06-01,2023-06-01,4,0,0
113,2023-05-01,2023-05-01,0,1,12
113,2023-05-01,2023-05-01,1,1,11
113,2023-05-01,2023-05-01,2,1,13
113,2023-05-01,2023-05-01,3,0,0
113,2023-05-01,2023-05-01,4,0,0
113,2023-05-01,2023-05-01,5,0,0
114,2023-06-01,2023-06-01,0,1,7
114,2023-06-01,2023-06-01,1,1,9
114,2023-06-01,2023-06-01,2,0,0
114,2023-06-01,2023-06-01,3,1,16
114,2023-06-01,2023-06-01,4,1,17
115,2023-06-01,2023-06-01,0,1,10
115,2023-06-01,2023-06-01,1,1,11
115,2023-06-01,2023-06-01,2,1,11
115,2023-06-01,2023-06-01,3,1,14
115,2023-06-01,2023-06-01,4,0,0
116,2023-01-01,2023-01-01,0,1,12
116,2023-01-01,2023-01-01,1,1,7
116,2023-01-01,2023-01-01,2,1,12
116,2023-01-01,2023-01-01,3,1,9
116,2023-01-01,2023-01-01,4,0,0
116,2023-01-01,2023-01-01,5,0,0
116,2023-01-01,2023-01-01,6,1,7
116,2023-01-01,2023-01-01,7,1,6
116,2023-01-01,2023-01-01,8,0,0
116,2023-01-01,2023-01-01,9,0,0
117,2023-02-01,2023-02-01,0,1,4
117,2023-02-01,2023-02-01,1,1,8
117,2023-02-01,2023-02-01,2,1,10
117,2023-02-01,2023-02-01,3,0,0
117,2023-02-01,2023-02-01,4,1,11
117,2023-02-01,2023-02-01,5,1,10
117,2023-02-01,2023-02-01,6,0,0
117,2023-02-01,2023-02-01,7,0,0
117,2023-02-01,2023-02-01,8,0,0
118,2023-03-01,2023-03-01,0,1,8
118,2023-03-01,2023-03-01,1,1,9
118,2023-03-01,2023-03-01,2,0,0
118,2023-03-01,2023-03-01,3,0,0
118,2023-03-01,2023-03-01,4,0,0
118,2023-03-01,2023-03-01,5,0,0
118,2023-03-01,2023-03-01,6,0,0
118,2023-03-01,2023-03-01,7,0,0
119,2023-02-01,2023-02-01,0,1,10
119,2023-02-01,2023-02-01,1,1,9
119,2023-02-01,2023-02-01,2,1,8
119,2023-02-01,2023-02-01,3,0,0
119,2023-02-01,2023-02-01,4,1,16
119,2023-02-01,2023-02-01,5,0,0
119,2023-02-01,2023-02-01,6,0,0
119,2023-02-01,2023-02-01,7,0,0
119,2023-02-01,2023-02-01,8,0,0
120,2023-05-01,2023-05-01,0,1,22
120,2023-05-01,2023-05-01,1,1,10
120,2023-05-01,2023-05-01,2,0,0
120,2023-05-01,2023-05-01,3,1,14
120,2023-05-01,2023-05-01,4,0,0
120,2023-05-01,2023-05-01,5,1,10
121,2023-07-01,2023-07-01,0,1,8
121,2023-07-01,2023-07-01,1,0,0
121,2023-07-01,2023-07-01,2,1,16
121,2023-07-01,2023-07-01,3,1,7
122,2023-07-01,2023-07-01,0,1,14
122,2023-07-01,2023-07-01,1,1,14
122,2023-07-01,2023-07-01,2,1,21
122,2023-07-01,2023-07-01,3,0,0
123,2023-05-01,2023-05-01,0,1,7
123,2023-05-01,2023-05-01,1,1,12
123,2023-05-01,2023-05-01,2,0,0
123,2023-05-01,2023-05-01,3,0,0
123,2023-05-01,2023-05-01,4,1,10
123,2023-05-01,2023-05-01,5,1,11
124,2023-09-01,2023-09-01,0,1,15
124,2023-09-01,2023-09-01,1,0,0
125,2023-06-01,2023-06-01,0,1,10
125,2023-06-01,2023-06-01,1,1,12
125,2023-06-01,2023-06-01,2,1,16
125,2023-06-01,2023-06-01,3,1,8
125,2023-06-01,2023-06-01,4,0,0
126,2023-01-01,2023-01-01,0,1,10
126,2023-01-01,2023-01-01,1,1,8
126,2023-01-01,2023-01-01,2,0,0
126,2023-01-01,2023-01-01,3,0,0
126,2023-01-01,2023-01-01,4,0,0
126,2023-01-01,2023-01-01,5,0,0
126,2023-01-01,2023-01-01,6,0,0
126,2023-01-01,2023-01-01,7,0,0
126,2023-01-01,2023-01-01,8,0,0
126,2023-01-01,2023-01-01,9,0,0
127,2023-08-01,2023-08-01,0,1,8
127,2023-08-01,2023-08-01,1,0,0
127,2023-08-01,2023-08-01,2,0,0
128,2023-06-01,2023-06-01,0,1,7
128,2023-06-01,2023-06-01,1,1,16
128,2023-06-01,2023-06-01,2,1,8
128,2023-06-01,2023-06-01,3,1,9
128,2023-06-01,2023-06-01,4,1,13
129,2023-07-01,2023-07-01,0,1,11
129,2023-07-01,2023-07-01,1,1,13
129,2023-07-01,2023-07-01,2,1,5
129,2023-07-01,2023-07-01,3,0,0
130,2023-06-01,2023-06-01,0,1,8
130,2023-06-01,2023-06-01,1,1,14
130,2023-06-01,2023-06-01,2,1,9
130,2023-06-01,2023-06-01,3,0,0
130,2023-06-01,2023-06-01,4,0,0
131,2023-06-01,2023-06-01,0,1,7
131,2023-06-01,2023-06-01,1,1,8
131,2023-06-01,2023-06-01,2,1,13
131,2023-06-01,2023-06-01,3,1,14
131,2023-06-01,2023-06-01,4,0,0
132,2023-01-01,2023-01-01,0,1,11
132,2023-01-01,2023-01-01,1,1,5
132,2023-01-01,2023-01-01,2,1,4
132,2023-01-01,2023-01-01,3,1,4
132,2023-01-01,2023-01-01,4,0,0
132,2023-01-01,2023-01-01,5,0,0
132,2023-01-01,2023-01-01,6,0,0
132,2023-01-01,2023-01-01,7,1,15
132,2023-01-01,2023-01-01,8,0,0
132,2023-01-01,2023-01-01,9,0,0
133,2023-06-01,2023-06-01,0,1,12
133,2023-06-01,2023-06-01,1,1,9
133,2023-06-01,2023-06-01,2,1,15
133,2023-06-01,2023-06-01,3,0,0
133,2023-06-01,2023-06-01,4,1,17
134,2023-08-01,2023-08-01,0,1,9
134,2023-08-01,2023-08-01,1,1,7
134,2023-08-01,2023-08-01,2,0,0
135,2023-04-01,2023-04-01,0,1,12
135,2023-04-01,2023-04-01,1,0,0
135,2023-04-01,2023-04-01,2,1,8
135,2023-04-01,2023-04-01,3,0,0
135,2023-04-01,2023-04-01,4,1,6
135,2023-04-01,2023-04-01,5,0,0
135,2023-04-01,2023-04-01,6,0,0
136,2023-07-01,2023-07-01,0,1,8
136,2023-07-01,2023-07-01,1,1,7
136,2023-07-01,2023-07-01,2,0,0
136,2023-07-01,2023-07-01,3,0,0
137,2023-01-01,2023-01-01,0,1,11
137,2023-01-01,2023-01-01,1,1,10
137,2023-01-01,2023-01-01,2,1,13
137,2023-01-01,2023-01-01,3,0,0
137,2023-01-01,2023-01-01,4,1,5
137,2023-01-01,2023-01-01,5,0,0
137,2023-01-01,2023-01-01,6,0,0
137,2023-01-01,2023-01-01,7,0,0
137,2023-01-01,2023-01-01,8,0,0
137,2023-01-01,2023-01-01,9,0,0
138,2023-04-01,2023-04-01,0,1,11
138,2023-04-01,2023-04-01,1,1,11
138,2023-04-01,2023-04-01,2,0,0
138,2023-04-01,2023-04-01,3,0,0
138,2023-04-01,2023-04-01,4,1,7
138,2023-04-01,2023-04-01,5,1,13
138,2023-04-01,2023-04-01,6,0,0
139,2023-05-01,2023-05-01,0,1,11
139,2023-05-01,2023-05-01,1,1,2
139,2023-05-01,2023-05-01,2,1,10
139,2023-05-01,2023-05-01,3,0,0
139,2023-05-01,2023-05-01,4,0,0
139,2023-05-01,2023-05-01,5,0,0
140,2023-10-01,2023-10-01,0,1,9
141,2023-03-01,2023-03-01,0,1,4
141,2023-03-01,2023-03-01,1,1,8
141,2023-03-01,2023-03-01,2,0,0
141,2023-03-01,2023-03-01,3,1,9
141,2023-03-01,2023-03-01,4,0,0
141,2023-03-01,2023-03-01,5,1,7
141,2023-03-01,2023-03-01,6,0,0
141,2023-03-01,2023-03-01,7,0,0
142,2023-03-01,2023-03-01,0,1,11
142,2023-03-01,2023-03-01,1,1,6
142,2023-03-01,2023-03-01,2,1,14
142,2023-03-01,2023-03-01,3,1,4
142,2023-03-01,2023-03-01,4,0,0
142,2023-03-01,2023-03-01,5,0,0
142,2023-03-01,2023-03-01,6,0,0
142,2023-03-01,2023-03-01,7,0,0
143,2023-05-01,2023-05-01,0,1,14
143,2023-05-01,2023-05-01,1,0,0
143,2023-05-01,2023-05-01,2,0,0
143,2023-05-01,2023-05-01,3,1,7
143,2023-05-01,2023-05-01,4,0,0
143,2023-05-01,2023-05-01,5,1,10
144,2023-10-01,2023-10-01,0,1,14
145,2023-09-01,2023-09-01,0,1,10
145,2023-09-01,2023-09-01,1,1,12
146,2023-01-01,2023-01-01,0,1,9
146,2023-01-01,2023-01-01,1,1,10
146,2023-01-01,2023-01-01,2,0,0
146,2023-01-01,2023-01-01,3,0,0
146,2023-01-01,2023-01-01,4,0,0
146,2023-01-01,2023-01-01,5,0,0
146,2023-01-01,2023-01-01,6,1,11
146,2023-01-01,2023-01-01,7,0,0
146,2023-01-01,2023-01-01,8,0,0
146,2023-01-01,2023-01-01,9,0,0
147,2023-03-01,2023-03-01,0,1,6
147,2023-03-01,2023-03-01,1,0,0
147,2023-03-01,2023-03-01,2,1,12
147,2023-03-01,2023-03-01,3,1,13
147,2023-03-01,2023-03-01,4,0,0
147,2023-03-01,2023-03-01,5,0,0
147,2023-03-01,2023-03-01,6,1,7
147,2023-03-01,2023-03-01,7,0,0
148,2023-09-01,2023-09-01,0,1,10
148,2023-09-01,2023-09-01,1,1,13
149,2023-01-01,2023-01-01,0,1,10
149,2023-01-01,2023-01-01,1,1,16
149,2023-01-01,2023-01-01,2,1,9
149,2023-01-01,2023-01-01,3,0,0
149,2023-01-01,2023-01-01,4,0,0
149,2023-01-01,2023-01-01,5,0,0
149,2023-01-01,2023-01-01,6,0,0
149,2023-01-01,2023-01-01,7,0,0
149,2023-01-01,2023-01-01,8,1,6
149,2023-01-01,2023-01-01,9,0,0
150,2023-09-01,2023-09-01,0,1,12
150,2023-09-01,2023-09-01,1,1,11
151,2023-03-01,2023-03-01,0,1,13
151,2023-03-01,2023-03-01,1,1,8
151,2023-03-01,2023-03-01,2,1,11
151,2023-03-01,2023-03-01,3,0,0
151,2023-03-01,2023-03-01,4,1,7
151,2023-03-01,2023-03-01,5,0,0
151,2023-03-01,2023-03-01,6,0,0
151,2023-03-01,2023-03-01,7,0,0
152,2023-10-01,2023-10-01,0,1,9
153,2023-03-01,2023-03-01,0,1,11
153,2023-03-01,2023-03-01,1,1,11
153,2023-03-01,2023-03-01,2,1,10
153,2023-03-01,2023-03-01,3,0,0
153,2023-03-01,2023-03-01,4,0,0
153,2023-03-01,2023-03-01,5,0,0
153,2023-03-01,2023-03-01,6,1,12
153,2023-03-01,2023-03-01,7,0,0
154,2023-05-01,2023-05-01,0,1,7
154,2023-05-01,2023-05-01,1,1,11
154,2023-05-01,2023-05-01,2,0,0
154,2023-05-01,2023-05-01,3,0,0
154,2023-05-01,2023-05-01,4,1,12
154,2023-05-01,2023-05-01,5,0,0
155,2023-07-01,2023-07-01,0,1,3
155,2023-07-01,2023-07-01,1,1,9
155,2023-07-01,2023-07-01,2,1,7
155,2023-07-01,2023-07-01,3,0,0
156,2023-02-01,2023-02-01,0,1,13
156,2023-02-01,2023-02-01,1,1,13
156,2023-02-01,2023-02-01,2,1,18
156,2023-02-01,2023-02-01,3,0,0
156,2023-02-01,2023-02-01,4,1,14
156,2023-02-01,2023-02-01,5,0,0
156,2023-02-01,2023-02-01,6,0,0
156,2023-02-01,2023-02-01,7,0,0
156,2023-02-01,2023-02-01,8,0,0
157,2023-06-01,2023-06-01,0,1,8
157,2023-06-01,2023-06-01,1,1,16
157,2023-06-01,2023-06-01,2,1,10
157,2023-06-01,2023-06-01,3,0,0
157,2023-06-01,2023-06-01,4,0,0
158,2023-06-01,2023-06-01,0,1,6
158,2023-06-01,2023-06-01,1,1,7
158,2023-06-01,2023-06-01,2,1,9
158,2023-06-01,2023-06-01,3,1,11
158,2023-06-01,2023-06-01,4,0,0
159,2023-08-01,2023-08-01,0,1,12
159,2023-08-01,2023-08-01,1,1,11
159,2023-08-01,2023-08-01,2,1,10
160,2023-10-01,2023-10-01,0,1,8
161,2023-07-01,2023-07-01,0,1,10
161,2023-07-01,2023-07-01,1,1,6
161,2023-07-01,2023-07-01,2,0,0
161,2023-07-01,2023-07-01,3,1,10
162,2023-05-01,2023-05-01,0,1,17
162,2023-05-01,2023-05-01,1,1,10
162,2023-05-01,2023-05-01,2,1,12
162,2023-05-01,2023-05-01,3,0,0
162,2023-05-01,2023-05-01,4,0,0
162,2023-05-01,2023-05-01,5,0,0
163,2023-05-01,2023-05-01,0,1,2
163,2023-05-01,2023-05-01,1,1,10
163,2023-05-01,2023-05-01,2,1,10
163,2023-05-01,2023-05-01,3,1,14
163,2023-05-01,2023-05-01,4,1,4
163,2023-05-01,2023-05-01,5,0,0
164,2023-05-01,2023-05-01,0,1,9
164,2023-05-01,2023-05-01,1,1,9
164,2023-05-01,2023-05-01,2,1,6
164,2023-05-01,2023-05-01,3,1,5
164,2023-05-01,2023-05-01,4,1,17
164,2023-05-01,2023-05-01,5,0,0
165,2023-09-01,2023-09-01,0,1,10
165,2023-09-01,2023-09-01,1,0,0
166,2023-04-01,2023-04-01,0,1,6
166,2023-04-01,2023-04-01,1,1,12
166,2023-04-01,2023-04-01,2,1,13
166,2023-04-01,2023-04-01,3,1,8
166,2023-04-01,2023-04-01,4,0,0
166,2023-04-01,2023-04-01,5,1,11
166,2023-04-01,2023-04-01,6,0,0
167,2023-02-01,2023-02-01,0,1,8
167,2023-02-01,2023-02-01,1,1,5
167,2023-02-01,2023-02-01,2,1,11
167,2023-02-01,2023-02-01,3,0,0
167,2023-02-01,2023-02-01,4,0,0
167,2023-02-01,2023-02-01,5,0,0
167,2023-02-01,2023-02-01,6,1,7
167,2023-02-01,2023-02-01,7,0,0
167,2023-02-01,2023-02-01,8,0,0
168,2023-04-01,2023-04-01,0,1,14
168,2023-04-01,2023-04-01,1,1,13
168,2023-04-01,2023-04-01,2,1,16
168,2023-04-01,2023-04-01,3,1,5
168,2023-04-01,2023-04-01,4,1,9
168,2023-04-01,2023-04-01,5,0,0
168,2023-04-01,2023-04-01,6,0,0
169,2023-01-01,2023-01-01,0,1,4
169,2023-01-01,2023-01-01,1,1,11
169,2023-01-01,2023-01-01,2,1,10
169,2023-01-01,2023-01-01,3,0,0
169,2023-01-01,2023-01-01,4,0,0
169,2023-01-01,2023-01-01,5,1,12
169,2023-01-01,2023-01-01,6,1,14
169,2023-01-01,2023-01-01,7,0,0
169,2023-01-01,2023-01-01,8,0,0
169,2023-01-01,2023-01-01,9,0,0
170,2023-02-01,2023-02-01,0,1,7
170,2023-02-01,2023-02-01,1,1,9
170,2023-02-01,2023-02-01,2,1,14
170,2023-02-01,2023-02-01,3,1,14
170,2023-02-01,2023-02-01,4,0,0
170,2023-02-01,2023-02-01,5,0,0
170,2023-02-01,2023-02-01,6,1,12
170,2023-02-01,2023-02-01,7,1,7
170,2023-02-01,2023-02-01,8,0,0
171,2023-01-01,2023-01-01,0,1,20
171,2023-01-01,2023-01-01,1,1,7
171,2023-01-01,2023-01-01,2,1,10
171,2023-01-01,2023-01-01,3,0,0
171,2023-01-01,2023-01-01,4,0,0
171,2023-01-01,2023-01-01,5,0,0
171,2023-01-01,2023-01-01,6,0,0
171,2023-01-01,2023-01-01,7,0,0
171,2023-01-01,2023-01-01,8,0,0
171,2023-01-01,2023-01-01,9,0,0
172,2023-08-01,2023-08-01,0,1,15
172,2023-08-01,2023-08-01,1,1,10
172,2023-08-01,2023-08-01,2,0,0
173,2023-08-01,2023-08-01,0,1,10
173,2023-08-01,2023-08-01,1,1,12
173,2023-08-01,2023-08-01,2,0,0
174,2023-07-01,2023-07-01,0,1,14
174,2023-07-01,2023-07-01,1,1,9
174,2023-07-01,2023-07-01,2,0,0
174,2023-07-01,2023-07-01,3,0,0
175,2023-05-01,2023-05-01,0,1,10
175,2023-05-01,2023-05-01,1,1,12
175,2023-05-01,2023-05-01,2,1,5
175,2023-05-01,2023-05-01,3,0,0
175,2023-05-01,2023-05-01,4,1,9
175,2023-05-01,2023-05-01,5,1,8
176,2023-08-01,2023-08-01,0,1,10
176,2023-08-01,2023-08-01,1,0,0
176,2023-08-01,2023-08-01,2,0,0
177,2023-02-01,2023-02-01,0,1,5
177,2023-02-01,2023-02-01,1,1,7
177,2023-02-01,2023-02-01,2,1,9
177,2023-02-01,2023-02-01,3,0,0
177,2023-02-01,2023-02-01,4,1,11
177,2023-02-01,2023-02-01,5,0,0
177,2023-02-01,2023-02-01,6,0,0
177,2023-02-01,2023-02-01,7,0,0
177,2023-02-01,2023-02-01,8,1,10
178,2023-10-01,2023-10-01,0,1,11
179,2023-06-01,2023-06-01,0,1,7
179,2023-06-01,2023-06-01,1,1,7
179,2023-06-01,2023-06-01,2,0,0
179,2023-06-01,2023-06-01,3,1,12
179,2023-06-01,2023-06-01,4,0,0
180,2023-10-01,2023-10-01,0,1,10
181,2023-02-01,2023-02-01,0,1,11
181,2023-02-01,2023-02-01,1,1,8
181,2023-02-01,2023-02-01,2,0,0
181,2023-02-01,2023-02-01,3,1,10
181,2023-02-01,2023-02-01,4,1,12
181,2023-02-01,2023-02-01,5,0,0
181,2023-02-01,2023-02-01,6,0,0
181,2023-02-01,2023-02-01,7,0,0
181,2023-02-01,2023-02-01,8,0,0
182,2023-05-01,2023-05-01,0,1,11
182,2023-05-01,2023-05-01,1,1,9
182,2023-05-01,2023-05-01,2,1,9
182,2023-05-01,2023-05-01,3,0,0
182,2023-05-01,2023-05-01,4,0,0
182,2023-05-01,2023-05-01,5,0,0
183,2023-07-01,2023-07-01,0,1,7
183,2023-07-01,2023-07-01,1,1,9
183,2023-07-01,2023-07-01,2,1,13
183,2023-07-01,2023-07-01,3,1,16
184,2023-05-01,2023-05-01,0,1,9
184,2023-05-01,2023-05-01,1,1,9
184,2023-05-01,2023-05-01,2,0,0
184,2023-05-01,2023-05-01,3,0,0
184,2023-05-01,2023-05-01,4,0,0
184,2023-05-01,2023-05-01,5,0,0
185,2023-05-01,2023-05-01,0,1,9
185,2023-05-01,2023-05-01,1,1,10
185,2023-05-01,2023-05-01,2,0,0
185,2023-05-01,2023-05-01,3,0,0
185,2023-05-01,2023-05-01,4,0,0
185,2023-05-01,2023-05-01,5,0,0
186,2023-02-01,2023-02-01,0,1,9
186,2023-02-01,2023-02-01,1,0,0
186,2023-02-01,2023-02-01,2,0,0
186,2023-02-01,2023-02-01,3,0,0
186,2023-02-01,2023-02-01,4,0,0
186,2023-02-01,2023-02-01,5,0,0
186,2023-02-01,2023-02-01,6,0,0
186,2023-02-01,2023-02-01,7,0,0
186,2023-02-01,2023-02-01,8,0,0
187,2023-04-01,2023-04-01,0,1,16
187,2023-04-01,2023-04-01,1,0,0
187,2023-04-01,2023-04-01,2,0,0
187,2023-04-01,2023-04-01,3,1,11
187,2023-04-01,2023-04-01,4,1,7
187,2023-04-01,2023-04-01,5,0,0
187,2023-04-01,2023-04-01,6,0,0
188,2023-03-01,2023-03-01,0,1,16
188,2023-03-01,2023-03-01,1,1,9
188,2023-03-01,2023-03-01,2,1,11
188,2023-03-01,2023-03-01,3,0,0
188,2023-03-01,2023-03-01,4,0,0
188,2023-03-01,2023-03-01,5,0,0
188,2023-03-01,2023-03-01,6,0,0
188,2023-03-01,2023-03-01,7,0,0
189,2023-04-01,2023-04-01,0,1,6
189,2023-04-01,2023-04-01,1,0,0
189,2023-04-01,2023-04-01,2,1,12
189,2023-04-01,2023-04-01,3,0,0
189,2023-04-01,2023-04-01,4,1,11
189,2023-04-01,2023-04-01,5,0,0
189,2023-04-01,2023-04-01,6,1,12
190,2023-07-01,2023-07-01,0,1,8
190,2023-07-01,2023-07-01,1,1,7
190,2023-07-01,2023-07-01,2,0,0
190,2023-07-01,2023-07-01,3,0,0
191,2023-07-01,2023-07-01,0,1,9
191,2023-07-01,2023-07-01,1,1,10
191,2023-07-01,2023-07-01,2,0,0
191,2023-07-01,2023-07-01,3,0,0
192,2023-07-01,2023-07-01,0,1,5
192,2023-07-01,2023-07-01,1,1,10
192,2023-07-01,2023-07-01,2,0,0
192,2023-07-01,2023-07-01,3,1,7
193,2023-04-01,2023-04-01,0,1,11
193,2023-04-01,2023-04-01,1,1,10
193,2023-04-01,2023-04-01,2,1,12
193,2023-04-01,2023-04-01,3,1,11
193,2023-04-01,2023-04-01,4,0,0
193,2023-04-01,2023-04-01,5,0,0
193,2023-04-01,2023-04-01,6,0,0
194,2023-10-01,2023-10-01,0,1,7
195,2023-01-01,2023-01-01,0,1,10
195,2023-01-01,2023-01-01,1,1,8
195,2023-01-01,2023-01-01,2,1,10
195,2023-01-01,2023-01-01,3,0,0
195,2023-01-01,2023-01-01,4,1,11
195,2023-01-01,2023-01-01,5,1,5
195,2023-01-01,2023-01-01,6,0,0
195,2023-01-01,2023-01-01,7,0,0
195,2023-01-01,2023-01-01,8,0,0
195,2023-01-01,2023-01-01,9,0,0
196,2023-04-01,2023-04-01,0,1,8
196,2023-04-01,2023-04-01,1,1,12
196,2023-04-01,2023-04-01,2,1,17
196,2023-04-01,2023-04-01,3,0,0
196,2023-04-01,2023-04-01,4,0,0
196,2023-04-01,2023-04-01,5,0,0
196,2023-04-01,2023-04-01,6,0,0
197,2023-02-01,2023-02-01,0,1,10
197,2023-02-01,2023-02-01,1,1,6
197,2023-02-01,2023-02-01,2,1,11
197,2023-02-01,2023-02-01,3,1,4
197,2023-02-01,2023-02-01,4,0,0
197,2023-02-01,2023-02-01,5,1,12
197,2023-02-01,2023-02-01,6,0,0
197,2023-02-01,2023-02-01,7,0,0
197,2023-02-01,2023-02-01,8,0,0
198,2023-04-01,2023-04-01,0,1,9
198,2023-04-01,2023-04-01,1,1,9
198,2023-04-01,2023-04-01,2,1,10
198,2023-04-01,2023-04-01,3,1,5
198,2023-04-01,2023-04-01,4,1,11
198,2023-04-01,2023-04-01,5,0,0
198,2023-04-01,2023-04-01,6,0,0
199,2023-10-01,2023-10-01,0,1,7
200,2023-04-01,2023-04-01,0,1,11
200,2023-04-01,2023-04-01,1,1,14
200,2023-04-01,2023-04-01,2,1,9
200,2023-04-01,2023-04-01,3,1,9
200,2023-04-01,2023-04-01,4,1,13
200,2023-04-01,2023-04-01,5,1,15
200,2023-04-01,2023-04-01,6,0,0
201,2023-10-01,2023-10-01,0,1,11
202,2023-05-01,2023-05-01,0,1,7
202,2023-05-01,2023-05-01,1,1,8
202,2023-05-01,2023-05-01,2,1,10
202,2023-05-01,2023-05-01,3,0,0
202,2023-05-01,2023-05-01,4,0,0
202,2023-05-01,2023-05-01,5,0,0
203,2023-07-01,2023-07-01,0,1,13
203,2023-07-01,2023-07-01,1,1,8
203,2023-07-01,2023-07-01,2,0,0
203,2023-07-01,2023-07-01,3,1,8
204,2023-05-01,2023-05-01,0,1,12
204,2023-05-01,2023-05-01,1,1,11
204,2023-05-01,2023-05-01,2,1,8
204,2023-05-01,2023-05-01,3,0,0
204,2023-05-01,2023-05-01,4,0,0
204,2023-05-01,2023-05-01,5,0,0
205,2023-03-01,2023-03-01,0,1,9
205,2023-03-01,2023-03-01,1,1,10
205,2023-03-01,2023-03-01,2,1,16
205,2023-03-01,2023-03-01,3,1,5
205,2023-03-01,2023-03-01,4,1,9
205,2023-03-01,2023-03-01,5,0,0
205,2023-03-01,2023-03-01,6,1,11
205,2023-03-01,2023-03-01,7,0,0
206,2023-08-01,2023-08-01,0,1,14
206,2023-08-01,2023-08-01,1,0,0
206,2023-08-01,2023-08-01,2,1,8
207,2023-10-01,2023-10-01,0,1,7
208,2023-03-01,2023-03-01,0,1,4
208,2023-03-01,2023-03-01,1,1,18
208,2023-03-01,2023-03-01,2,1,11
208,2023-03-01,2023-03-01,3,0,0
208,2023-03-01,2023-03-01,4,0,0
208,2023-03-01,2023-03-01,5,0,0
208,2023-03-01,2023-03-01,6,0,0
208,2023-03-01,2023-03-01,7,1,12
209,2023-08-01,2023-08-01,0,1,9
209,2023-08-01,2023-08-01,1,1,16
209,2023-08-01,2023-08-01,2,1,6
210,2023-03-01,2023-03-01,0,1,14
210,2023-03-01,2023-03-01,1,1,7
210,2023-03-01,2023-03-01,2,1,12
210,2023-03-01,2023-03-01,3,0,0
210,2023-03-01,2023-03-01,4,0,0
210,2023-03-01,2023-03-01,5,0,0
210,2023-03-01,2023-03-01,6,0,0
210,2023-03-01,2023-03-01,7,1,15
211,2023-08-01,2023-08-01,0,1,16
211,2023-08-01,2023-08-01,1,0,0
211,2023-08-01,2023-08-01,2,0,0
212,2023-08-01,2023-08-01,0,1,5
212,2023-08-01,2023-08-01,1,1,11
212,2023-08-01,2023-08-01,2,1,8
213,2023-05-01,2023-05-01,0,1,8
213,2023-05-01,2023-05-01,1,1,12
213,2023-05-01,2023-05-01,2,1,12
213,2023-05-01,2023-05-01,3,1,10
213,2023-05-01,2023-05-01,4,0,0
213,2023-05-01,2023-05-01,5,0,0
214,2023-08-01,2023-08-01,0,1,5
214,2023-08-01,2023-08-01,1,0,0
214,2023-08-01,2023-08-01,2,1,8
215,2023-03-01,2023-03-01,0,1,8
215,2023-03-01,2023-03-01,1,1,8
215,2023-03-01,2023-03-01,2,1,10
215,2023-03-01,2023-03-01,3,0,0
215,2023-03-01,2023-03-01,4,0,0
215,2023-03-01,2023-03-01,5,1,5
215,2023-03-01,2023-03-01,6,0,0
215,2023-03-01,2023-03-01,7,0,0
216,2023-01-01,2023-01-01,0,1,4
216,2023-01-01,2023-01-01,1,1,7
216,2023-01-01,2023-01-01,2,1,17
216,2023-01-01,2023-01-01,3,1,11
216,2023-01-01,2023-01-01,4,1,10
216,2023-01-01,2023-01-01,5,0,0
216,2023-01-01,2023-01-01,6,0,0
216,2023-01-01,2023-01-01,7,0,0
216,2023-01-01,2023-01-01,8,0,0
216,2023-01-01,2023-01-01,9,0,0
217,2023-01-01,2023-01-01,0,1,5
217,2023-01-01,2023-01-01,1,1,11
217,2023-01-01,2023-01-01,2,0,0
217,2023-01-01,2023-01-01,3,0,0
217,2023-01-01,2023-01-01,4,0,0
217,2023-01-01,2023-01-01,5,0,0
217,2023-01-01,2023-01-01,6,0,0
217,2023-01-01,2023-01-01,7,0,0
217,2023-01-01,2023-01-01,8,0,0
217,2023-01-01,2023-01-01,9,1,13
218,2023-05-01,2023-05-01,0,1,10
218,2023-05-01,2023-05-01,1,1,8
218,2023-05-01,2023-05-01,2,1,12
218,2023-05-01,2023-05-01,3,0,0
218,2023-05-01,2023-05-01,4,0,0
218,2023-05-01,2023-05-01,5,0,0
219,2023-10-01,2023-10-01,0,1,16
220,2023-02-01,2023-02-01,0,1,11
220,2023-02-01,2023-02-01,1,0,0
220,2023-02-01,2023-02-01,2,1,5
220,2023-02-01,2023-02-01,3,0,0
220,2023-02-01,2023-02-01,4,0,0
220,2023-02-01,2023-02-01,5,0,0
220,2023-02-01,2023-02-01,6,0,0
220,2023-02-01,2023-02-01,7,0,0
220,2023-02-01,2023-02-01,8,0,0
221,2023-05-01,2023-05-01,0,1,14
221,2023-05-01,2023-05-01,1,1,10
221,2023-05-01,2023-05-01,2,1,8
221,2023-05-01,2023-05-01,3,0,0
221,2023-05-01,2023-05-01,4,0,0
221,2023-05-01,2023-05-01,5,0,0
222,2023-08-01,2023-08-01,0,1,10
222,2023-08-01,2023-08-01,1,1,10
222,2023-08-01,2023-08-01,2,1,6
223,2023-03-01,2023-03-01,0,1,10
223,2023-03-01,2023-03-01,1,1,11
223,2023-03-01,2023-03-01,2,1,10
223,2023-03-01,2023-03-01,3,1,10
223,2023-03-01,2023-03-01,4,1,8
223,2023-03-01,2023-03-01,5,0,0
223,2023-03-01,2023-03-01,6,0,0
223,2023-03-01,2023-03-01,7,0,0
224,2023-08-01,2023-08-01,0,1,8
224,2023-08-01,2023-08-01,1,1,6
224,2023-08-01,2023-08-01,2,1,6
225,2023-04-01,2023-04-01,0,1,9
225,2023-04-01,2023-04-01,1,1,8
225,2023-04-01,2023-04-01,2,1,10
225,2023-04-01,2023-04-01,3,1,9
225,2023-04-01,2023-04-01,4,0,0
225,2023-04-01,2023-04-01,5,0,0
225,2023-04-01,2023-04-01,6,1,16
226,2023-09-01,2023-09-01,0,1,11
226,2023-09-01,2023-09-01,1,1,10
227,2023-06-01,2023-06-01,0,1,10
227,2023-06-01,2023-06-01,1,1,5
227,2023-06-01,2023-06-01,2,0,0
227,2023-06-01,2023-06-01,3,0,0
227,2023-06-01,2023-06-01,4,0,0
228,2023-06-01,2023-06-01,0,1,8
228,2023-06-01,2023-06-01,1,1,13
228,2023-06-01,2023-06-01,2,1,14
228,2023-06-01,2023-06-01,3,1,9
228,2023-06-01,2023-06-01,4,0,0
229,2023-02-01,2023-02-01,0,1,11
229,2023-02-01,2023-02-01,1,1,7
229,2023-02-01,2023-02-01,2,1,8
229,2023-02-01,2023-02-01,3,0,0
229,2023-02-01,2023-02-01,4,0,0
229,2023-02-01,2023-02-01,5,0,0
229,2023-02-01,2023-02-01,6,0,0
229,2023-02-01,2023-02-01,7,0,0
229,2023-02-01,2023-02-01,8,0,0
230,2023-05-01,2023-05-01,0,1,14
230,2023-05-01,2023-05-01,1,1,13
230,2023-05-01,2023-05-01,2,1,12
230,2023-05-01,2023-05-01,3,0,0
230,2023-05-01,2023-05-01,4,0,0
230,2023-05-01,2023-05-01,5,1,15
231,2023-09-01,2023-09-01,0,1,13
231,2023-09-01,2023-09-01,1,1,11
232,2023-01-01,2023-01-01,0,1,9
232,2023-01-01,2023-01-01,1,1,9
232,2023-01-01,2023-01-01,2,1,16
232,2023-01-01,2023-01-01,3,0,0
232,2023-01-01,2023-01-01,4,1,14
232,2023-01-01,2023-01-01,5,0,0
232,2023-01-01,2023-01-01,6,0,0
232,2023-01-01,2023-01-01,7,0,0
232,2023-01-01,2023-01-01,8,0,0
232,2023-01-01,2023-01-01,9,0,0
233,2023-08-01,2023-08-01,0,1,10
233,2023-08-01,2023-08-01,1,0,0
233,2023-08-01,2023-08-01,2,1,11
234,2023-05-01,2023-05-01,0,1,13
234,2023-05-01,2023-05-01,1,1,9
234,2023-05-01,2023-05-01,2,1,11
234,2023-05-01,2023-05-01,3,1,12
234,2023-05-01,2023-05-01,4,0,0
234,2023-05-01,2023-05-01,5,1,12
235,2023-08-01,2023-08-01,0,1,15
235,2023-08-01,2023-08-01,1,1,6
235,2023-08-01,2023-08-01,2,1,10
236,2023-07-01,2023-07-01,0,1,5
236,2023-07-01,2023-07-01,1,1,9
236,2023-07-01,2023-07-01,2,0,0
236,2023-07-01,2023-07-01,3,1,10
237,2023-05-01,2023-05-01,0,1,6
237,2023-05-01,2023-05-01,1,1,7
237,2023-05-01,2023-05-01,2,0,0
237,2023-05-01,2023-05-01,3,0,0
237,2023-05-01,2023-05-01,4,1,10
237,2023-05-01,2023-05-01,5,0,0
238,2023-04-01,2023-04-01,0,1,8
238,2023-04-01,2023-04-01,1,1,10
238,2023-04-01,2023-04-01,2,1,8
238,2023-04-01,2023-04-01,3,0,0
238,2023-04-01,2023-04-01,4,1,11
238,2023-04-01,2023-04-01,5,0,0
238,2023-04-01,2023-04-01,6,0,0
239,2023-07-01,2023-07-01,0,1,15
239,2023-07-01,2023-07-01,1,1,10
239,2023-07-01,2023-07-01,2,0,0
239,2023-07-01,2023-07-01,3,1,6
240,2023-02-01,2023-02-01,0,1,9
240,2023-02-01,2023-02-01,1,1,13
240,2023-02-01,2023-02-01,2,1,13
240,2023-02-01,2023-02-01,3,1,15
240,2023-02-01,2023-02-01,4,0,0
240,2023-02-01,2023-02-01,5,0,0
240,2023-02-01,2023-02-01,6,0,0
240,2023-02-01,2023-02-01,7,0,0
240,2023-02-01,2023-02-01,8,0,0
241,2023-06-01,2023-06-01,0,1,8
241,2023-06-01,2023-06-01,1,0,0
241,2023-06-01,2023-06-01,2,0,0
241,2023-06-01,2023-06-01,3,1,17
241,2023-06-01,2023-06-01,4,0,0
242,2023-01-01,2023-01-01,0,1,6
242,2023-01-01,2023-01-01,1,1,16
242,2023-01-01,2023-01-01,2,0,0
242,2023-01-01,2023-01-01,3,0,0
242,2023-01-01,2023-01-01,4,0,0
242,2023-01-01,2023-01-01,5,0,0
242,2023-01-01,2023-01-01,6,0,0
242,2023-01-01,2023-01-01,7,0,0
242,2023-01-01,2023-01-01,8,0,0
242,2023-01-01,2023-01-01,9,0,0
243,2023-07-01,2023-07-01,0,1,11
243,2023-07-01,2023-07-01,1,1,6
243,2023-07-01,2023-07-01,2,1,11
243,2023-07-01,2023-07-01,3,0,0
244,2023-07-01,2023-07-01,0,1,12
244,2023-07-01,2023-07-01,1,1,11
244,2023-07-01,2023-07-01,2,1,7
244,2023-07-01,2023-07-01,3,1,8
245,2023-01-01,2023-01-01,0,1,13
245,2023-01-01,2023-01-01,1,0,0
245,2023-01-01,2023-01-01,2,1,8
245,2023-01-01,2023-01-01,3,0,0
245,2023-01-01,2023-01-01,4,1,8
245,2023-01-01,2023-01-01,5,0,0
245,2023-01-01,2023-01-01,6,0,0
245,2023-01-01,2023-01-01,7,0,0
245,2023-01-01,2023-01-01,8,0,0
245,2023-01-01,2023-01-01,9,0,0
246,2023-08-01,2023-08-01,0,1,9
246,2023-08-01,2023-08-01,1,0,0
246,2023-08-01,2023-08-01,2,0,0
247,2023-05-01,2023-05-01,0,1,12
247,2023-05-01,2023-05-01,1,1,7
247,2023-05-01,2023-05-01,2,1,11
247,2023-05-01,2023-05-01,3,1,8
247,2023-05-01,2023-05-01,4,1,14
247,2023-05-01,2023-05-01,5,0,0
248,2023-08-01,2023-08-01,0,1,8
248,2023-08-01,2023-08-01,1,1,6
248,2023-08-01,2023-08-01,2,1,7
249,2023-01-01,2023-01-01,0,1,11
249,2023-01-01,2023-01-01,1,0,0
249,2023-01-01,2023-01-01,2,1,5
249,2023-01-01,2023-01-01,3,1,9
249,2023-01-01,2023-01-01,4,0,0
249,2023-01-01,2023-01-01,5,0,0
249,2023-01-01,2023-01-01,6,0,0
249,2023-01-01,2023-01-01,7,1,7
249,2023-01-01,2023-01-01,8,0,0
249,2023-01-01,2023-01-01,9,0,0
250,2023-02-01,2023-02-01,0,1,6
250,2023-02-01,2023-02-01,1,1,9
250,2023-02-01,2023-02-01,2,1,10
250,2023-02-01,2023-02-01,3,0,0
250,2023-02-01,2023-02-01,4,1,9
250,2023-02-01,2023-02-01,5,1,18
250,2023-02-01,2023-02-01,6,0,0
250,2023-02-01,2023-02-01,7,0,0
250,2023-02-01,2023-02-01,8,1,15
251,2023-05-01,2023-05-01,0,1,11
251,2023-05-01,2023-05-01,1,1,7
251,2023-05-01,2023-05-01,2,1,9
251,2023-05-01,2023-05-01,3,0,0
251,2023-05-01,2023-05-01,4,1,10
251,2023-05-01,2023-05-01,5,0,0
252,2023-02-01,2023-02-01,0,1,8
252,2023-02-01,2023-02-01,1,0,0
252,2023-02-01,2023-02-01,2,1,9
252,2023-02-01,2023-02-01,3,0,0
252,2023-02-01,2023-02-01,4,0,0
252,2023-02-01,2023-02-01,5,0,0
252,2023-02-01,2023-02-01,6,0,0
252,2023-02-01,2023-02-01,7,1,8
252,2023-02-01,2023-02-01,8,0,0
253,2023-04-01,2023-04-01,0,1,4
253,2023-04-01,2023-04-01,1,1,8
253,2023-04-01,2023-04-01,2,1,13
253,2023-04-01,2023-04-01,3,1,18
253,2023-04-01,2023-04-01,4,1,16
253,2023-04-01,2023-04-01,5,0,0
253,2023-04-01,2023-04-01,6,1,18
254,2023-07-01,2023-07-01,0,1,8
254,2023-07-01,2023-07-01,1,1,8
254,2023-07-01,2023-07-01,2,0,0
254,2023-07-01,2023-07-01,3,1,11
255,2023-02-01,2023-02-01,0,1,13
255,2023-02-01,2023-02-01,1,1,8
255,2023-02-01,2023-02-01,2,0,0
255,2023-02-01,2023-02-01,3,0,0
255,2023-02-01,2023-02-01,4,1,13
255,2023-02-01,2023-02-01,5,0,0
255,2023-02-01,2023-02-01,6,0,0
255,2023-02-01,2023-02-01,7,0,0
255,2023-02-01,2023-02-01,8,0,0
256,2023-07-01,2023-07-01,0,1,9
256,2023-07-01,2023-07-01,1,1,13
256,2023-07-01,2023-07-01,2,1,10
256,2023-07-01,2023-07-01,3,0,0
257,2023-02-01,2023-02-01,0,1,16
257,2023-02-01,2023-02-01,1,1,11
257,2023-02-01,2023-02-01,2,1,8
257,2023-02-01,2023-02-01,3,1,8
257,2023-02-01,2023-02-01,4,1,11
257,2023-02-01,2023-02-01,5,1,10
257,2023-02-01,2023-02-01,6,0,0
257,2023-02-01,2023-02-01,7,0,0
257,2023-02-01,2023-02-01,8,0,0
258,2023-02-01,2023-02-01,0,1,9
258,2023-02-01,2023-02-01,1,1,9
258,2023-02-01,2023-02-01,2,0,0
258,2023-02-01,2023-02-01,3,1,9
258,2023-02-01,2023-02-01,4,0,0
258,2023-02-01,2023-02-01,5,0,0
258,2023-02-01,2023-02-01,6,0,0
258,2023-02-01,2023-02-01,7,0,0
258,2023-02-01,2023-02-01,8,0,0
259,2023-06-01,2023-06-01,0,1,17
259,2023-06-01,2023-06-01,1,1,7
259,2023-06-01,2023-06-01,2,1,9
259,2023-06-01,2023-06-01,3,0,0
259,2023-06-01,2023-06-01,4,0,0
260,2023-08-01,2023-08-01,0,1,12
260,2023-08-01,2023-08-01,1,1,7
260,2023-08-01,2023-08-01,2,1,10
261,2023-02-01,2023-02-01,0,1,8
261,2023-02-01,2023-02-01,1,0,0
261,2023-02-01,2023-02-01,2,0,0
261,2023-02-01,2023-02-01,3,0,0
261,2023-02-01,2023-02-01,4,1,12
261,2023-02-01,2023-02-01,5,0,0
261,2023-02-01,2023-02-01,6,0,0
261,2023-02-01,2023-02-01,7,0,0
261,2023-02-01,2023-02-01,8,0,0
262,2023-03-01,2023-03-01,0,1,10
262,2023-03-01,2023-03-01,1,1,10
262,2023-03-01,2023-03-01,2,1,9
262,2023-03-01,2023-03-01,3,0,0
262,2023-03-01,2023-03-01,4,0,0
262,2023-03-01,2023-03-01,5,0,0
262,2023-03-01,2023-03-01,6,0,0
262,2023-03-01,2023-03-01,7,0,0
263,2023-10-01,2023-10-01,0,1,14
264,2023-10-01,2023-10-01,0,1,15
265,2023-06-01,2023-06-01,0,1,11
265,2023-06-01,2023-06-01,1,1,10
265,2023-06-01,2023-06-01,2,1,8
265,2023-06-01,2023-06-01,3,1,10
265,2023-06-01,2023-06-01,4,0,0
266,2023-05-01,2023-05-01,0,1,7
266,2023-05-01,2023-05-01,1,1,7
266,2023-05-01,2023-05-01,2,1,8
266,2023-05-01,2023-05-01,3,1,16
266,2023-05-01,2023-05-01,4,0,0
266,2023-05-01,2023-05-01,5,0,0
267,2023-04-01,2023-04-01,0,1,5
267,2023-04-01,2023-04-01,1,1,6
267,2023-04-01,2023-04-01,2,0,0
267,2023-04-01,2023-04-01,3,0,0
267,2023-04-01,2023-04-01,4,0,0
267,2023-04-01,2023-04-01,5,0,0
267,2023-04-01,2023-04-01,6,0,0
268,2023-07-01,2023-07-01,0,1,9
268,2023-07-01,2023-07-01,1,1,6
268,2023-07-01,2023-07-01,2,0,0
268,2023-07-01,2023-07-01,3,0,0
269,2023-06-01,2023-06-01,0,1,7
269,2023-06-01,2023-06-01,1,0,0
269,2023-06-01,2023-06-01,2,1,11
269,2023-06-01,2023-06-01,3,0,0
269,2023-06-01,2023-06-01,4,0,0
270,2023-03-01,2023-03-01,0,1,7
270,2023-03-01,2023-03-01,1,0,0
270,2023-03-01,2023-03-01,2,0,0
270,2023-03-01,2023-03-01,3,0,0
270,2023-03-01,2023-03-01,4,1,9
270,2023-03-01,2023-03-01,5,0,0
270,2023-03-01,2023-03-01,6,0,0
270,2023-03-01,2023-03-01,7,0,0
271,2023-01-01,2023-01-01,0,1,5
271,2023-01-01,2023-01-01,1,1,9
271,2023-01-01,2023-01-01,2,0,0
271,2023-01-01,2023-01-01,3,1,7
271,2023-01-01,2023-01-01,4,0,0
271,2023-01-01,2023-01-01,5,0,0
271,2023-01-01,2023-01-01,6,0,0
271,2023-01-01,2023-01-01,7,0,0
271,2023-01-01,2023-01-01,8,0,0
271,2023-01-01,2023-01-01,9,1,10
272,2023-02-01,2023-02-01,0,1,9
272,2023-02-01,2023-02-01,1,1,7
272,2023-02-01,2023-02-01,2,0,0
272,2023-02-01,2023-02-01,3,1,11
272,2023-02-01,2023-02-01,4,0,0
272,2023-02-01,2023-02-01,5,1,10
272,2023-02-01,2023-02-01,6,0,0
272,2023-02-01,2023-02-01,7,0,0
272,2023-02-01,2023-02-01,8,0,0
273,2023-10-01,2023-10-01,0,1,9
274,2023-05-01,2023-05-01,0,1,14
274,2023-05-01,2023-05-01,1,1,9
274,2023-05-01,2023-05-01,2,0,0
274,2023-05-01,2023-05-01,3,1,10
274,2023-05-01,2023-05-01,4,0,0
274,2023-05-01,2023-05-01,5,0,0
275,2023-05-01,2023-05-01,0,1,9
275,2023-05-01,2023-05-01,1,1,12
275,2023-05-01,2023-05-01,2,1,9
275,2023-05-01,2023-05-01,3,1,12
275,2023-05-01,2023-05-01,4,0,0
275,2023-05-01,2023-05-01,5,0,0
276,2023-05-01,2023-05-01,0,1,13
276,2023-05-01,2023-05-01,1,1,15
276,2023-05-01,2023-05-01,2,1,11
276,2023-05-01,2023-05-01,3,0,0
276,2023-05-01,2023-05-01,4,0,0
276,2023-05-01,2023-05-01,5,0,0
277,2023-08-01,2023-08-01,0,1,11
277,2023-08-01,2023-08-01,1,1,9
277,2023-08-01,2023-08-01,2,0,0
278,2023-01-01,2023-01-01,0,1,12
278,2023-01-01,2023-01-01,1,1,16
278,2023-01-01,2023-01-01,2,1,4
278,2023-01-01,2023-01-01,3,0,0
278,2023-01-01,2023-01-01,4,1,14
278,2023-01-01,2023-01-01,5,0,0
278,2023-01-01,2023-01-01,6,0,0
278,2023-01-01,2023-01-01,7,0,0
278,2023-01-01,2023-01-01,8,0,0
278,2023-01-01,2023-01-01,9,0,0
279,2023-01-01,2023-01-01,0,1,15
279,2023-01-01,2023-01-01,1,1,11
279,2023-01-01,2023-01-01,2,1,5
279,2023-01-01,2023-01-01,3,1,15
279,2023-01-01,2023-01-01,4,0,0
279,2023-01-01,2023-01-01,5,1,13
279,2023-01-01,2023-01-01,6,0,0
279,2023-01-01,2023-01-01,7,0,0
279,2023-01-01,2023-01-01,8,0,0
279,2023-01-01,2023-01-01,9,0,0
280,2023-03-01,2023-03-01,0,1,8
280,2023-03-01,2023-03-01,1,1,6
280,2023-03-01,2023-03-01,2,1,12
280,2023-03-01,2023-03-01,3,0,0
280,2023-03-01,2023-03-01,4,0,0
280,2023-03-01,2023-03-01,5,0,0
280,2023-03-01,2023-03-01,6,0,0
280,2023-03-01,2023-03-01,7,0,0
281,2023-05-01,2023-05-01,0,1,13
281,2023-05-01,2023-05-01,1,1,10
281,2023-05-01,2023-05-01,2,0,0
281,2023-05-01,2023-05-01,3,1,9
281,2023-05-01,2023-05-01,4,0,0
281,2023-05-01,2023-05-01,5,0,0
282,2023-07-01,2023-07-01,0,1,9
282,2023-07-01,2023-07-01,1,1,4
282,2023-07-01,2023-07-01,2,0,0
282,2023-07-01,2023-07-01,3,1,8
283,2023-05-01,2023-05-01,0,1,9
283,2023-05-01,2023-05-01,1,1,10
283,2023-05-01,2023-05-01,2,1,8
283,2023-05-01,2023-05-01,3,1,12
283,2023-05-01,2023-05-01,4,1,13
283,2023-05-01,2023-05-01,5,0,0
284,2023-05-01,2023-05-01,0,1,4
284,2023-05-01,2023-05-01,1,0,0
284,2023-05-01,2023-05-01,2,1,10
284,2023-05-01,2023-05-01,3,0,0
284,2023-05-01,2023-05-01,4,0,0
284,2023-05-01,2023-05-01,5,0,0
285,2023-10-01,2023-10-01,0,1,14
286,2023-02-01,2023-02-01,0,1,5
286,2023-02-01,2023-02-01,1,1,5
286,2023-02-01,2023-02-01,2,1,13
286,2023-02-01,2023-02-01,3,0,0
286,2023-02-01,2023-02-01,4,0,0
286,2023-02-01,2023-02-01,5,0,0
286,2023-02-01,2023-02-01,6,0,0
286,2023-02-01,2023-02-01,7,0,0
286,2023-02-01,2023-02-01,8,0,0
287,2023-06-01,2023-06-01,0,1,5
287,2023-06-01,2023-06-01,1,1,12
287,2023-06-01,2023-06-01,2,1,12
287,2023-06-01,2023-06-01,3,0,0
287,2023-06-01,2023-06-01,4,0,0
288,2023-06-01,2023-06-01,0,1,6
288,2023-06-01,2023-06-01,1,1,11
288,2023-06-01,2023-06-01,2,1,13
288,2023-06-01,2023-06-01,3,0,0
288,2023-06-01,2023-06-01,4,0,0
289,2023-05-01,2023-05-01,0,1,14
289,2023-05-01,2023-05-01,1,1,10
289,2023-05-01,2023-05-01,2,1,8
289,2023-05-01,2023-05-01,3,0,0
289,2023-05-01,2023-05-01,4,0,0
289,2023-05-01,2023-05-01,5,1,8
290,2023-09-01,2023-09-01,0,1,7
290,2023-09-01,2023-09-01,1,1,4
291,2023-03-01,2023-03-01,0,1,15
291,2023-03-01,2023-03-01,1,1,12
291,2023-03-01,2023-03-01,2,1,10
291,2023-03-01,2023-03-01,3,1,7
291,2023-03-01,2023-03-01,4,0,0
291,2023-03-01,2023-03-01,5,1,8
291,2023-03-01,2023-03-01,6,0,0
291,2023-03-01,2023-03-01,7,0,0
292,2023-10-01,2023-10-01,0,1,11
293,2023-04-01,2023-04-01,0,1,15
293,2023-04-01,2023-04-01,1,1,11
293,2023-04-01,2023-04-01,2,0,0
293,2023-04-01,2023-04-01,3,0,0
293,2023-04-01,2023-04-01,4,0,0
293,2023-04-01,2023-04-01,5,1,9
293,2023-04-01,2023-04-01,6,0,0
294,2023-06-01,2023-06-01,0,1,10
294,2023-06-01,2023-06-01,1,1,8
294,2023-06-01,2023-06-01,2,0,0
294,2023-06-01,2023-06-01,3,1,11
294,2023-06-01,2023-06-01,4,1,14
295,2023-06-01,2023-06-01,0,1,13
295,2023-06-01,2023-06-01,1,1,4
295,2023-06-01,2023-06-01,2,1,4
295,2023-06-01,2023-06-01,3,1,15
295,2023-06-01,2023-06-01,4,1,4
296,2023-09-01,2023-09-01,0,1,14
296,2023-09-01,2023-09-01,1,0,0
297,2023-05-01,2023-05-01,0,1,13
297,2023-05-01,2023-05-01,1,0,0
297,2023-05-01,2023-05-01,2,1,7
297,2023-05-01,2023-05-01,3,1,10
297,2023-05-01,2023-05-01,4,0,0
297,2023-05-01,2023-05-01,5,0,0
298,2023-03-01,2023-03-01,0,1,11
298,2023-03-01,2023-03-01,1,1,8
298,2023-03-01,2023-03-01,2,1,7
298,2023-03-01,2023-03-01,3,1,5
298,2023-03-01,2023-03-01,4,0,0
298,2023-03-01,2023-03-01,5,0,0
298,2023-03-01,2023-03-01,6,0,0
298,2023-03-01,2023-03-01,7,0,0
299,2023-01-01,2023-01-01,0,1,5
299,2023-01-01,2023-01-01,1,1,11
299,2023-01-01,2023-01-01,2,1,8
299,2023-01-01,2023-01-01,3,0,0
299,2023-01-01,2023-01-01,4,1,15
299,2023-01-01,2023-01-01,5,0,0
299,2023-01-01,2023-01-01,6,0,0
299,2023-01-01,2023-01-01,7,0,0
299,2023-01-01,2023-01-01,8,0,0
299,2023-01-01,2023-01-01,9,0,0
300,2023-04-01,2023-04-01,0,1,10
300,2023-04-01,2023-04-01,1,1,9
300,2023-04-01,2023-04-01,2,1,10
300,2023-04-01,2023-04-01,3,1,9
300,2023-04-01,2023-04-01,4,0,0
300,2023-04-01,2023-04-01,5,0,0
300,2023-04-01,2023-04-01,6,0,0
301,2023-09-01,2023-09-01,0,1,12
301,2023-09-01,2023-09-01,1,1,13
302,2023-01-01,2023-01-01,0,1,10
302,2023-01-01,2023-01-01,1,1,11
302,2023-01-01,2023-01-01,2,1,9
302,2023-01-01,2023-01-01,3,0,0
302,2023-01-01,2023-01-01,4,0,0
302,2023-01-01,2023-01-01,5,0,0
302,2023-01-01,2023-01-01,6,0,0
302,2023-01-01,2023-01-01,7,1,14
302,2023-01-01,2023-01-01,8,0,0
302,2023-01-01,2023-01-01,9,0,0
303,2023-09-01,2023-09-01,0,1,13
303,2023-09-01,2023-09-01,1,1,8
304,2023-06-01,2023-06-01,0,1,8
304,2023-06-01,2023-06-01,1,1,5
304,2023-06-01,2023-06-01,2,1,10
304,2023-06-01,2023-06-01,3,0,0
304,2023-06-01,2023-06-01,4,1,12
305,2023-02-01,2023-02-01,0,1,8
305,2023-02-01,2023-02-01,1,1,9
305,2023-02-01,2023-02-01,2,0,0
305,2023-02-01,2023-02-01,3,1,6
305,2023-02-01,2023-02-01,4,0,0
305,2023-02-01,2023-02-01,5,0,0
305,2023-02-01,2023-02-01,6,1,8
305,2023-02-01,2023-02-01,7,0,0
305,2023-02-01,2023-02-01,8,0,0
306,2023-04-01,2023-04-01,0,1,11
306,2023-04-01,2023-04-01,1,1,10
306,2023-04-01,2023-04-01,2,1,8
306,2023-04-01,2023-04-01,3,0,0
306,2023-04-01,2023-04-01,4,0,0
306,2023-04-01,2023-04-01,5,0,0
306,2023-04-01,2023-04-01,6,0,0
307,2023-06-01,2023-06-01,0,1,5
307,2023-06-01,2023-06-01,1,1,10
307,2023-06-01,2023-06-01,2,1,13
307,2023-06-01,2023-06-01,3,0,0
307,2023-06-01,2023-06-01,4,0,0
308,2023-04-01,2023-04-01,0,1,10
308,2023-04-01,2023-04-01,1,1,9
308,2023-04-01,2023-04-01,2,1,8
308,2023-04-01,2023-04-01,3,0,0
308,2023-04-01,2023-04-01,4,1,6
308,2023-04-01,2023-04-01,5,0,0
308,2023-04-01,2023-04-01,6,0,0
309,2023-02-01,2023-02-01,0,1,8
309,2023-02-01,2023-02-01,1,1,5
309,2023-02-01,2023-02-01,2,1,10
309,2023-02-01,2023-02-01,3,1,7
309,2023-02-01,2023-02-01,4,1,8
309,2023-02-01,2023-02-01,5,0,0
309,2023-02-01,2023-02-01,6,0,0
309,2023-02-01,2023-02-01,7,0,0
309,2023-02-01,2023-02-01,8,0,0
310,2023-07-01,2023-07-01,0,1,14
310,2023-07-01,2023-07-01,1,1,3
310,2023-07-01,2023-07-01,2,1,10
310,2023-07-01,2023-07-01,3,0,0
311,2023-07-01,2023-07-01,0,1,12
311,2023-07-01,2023-07-01,1,0,0
311,2023-07-01,2023-07-01,2,1,7
311,2023-07-01,2023-07-01,3,1,12
312,2023-02-01,2023-02-01,0,1,7
312,2023-02-01,2023-02-01,1,1,6
312,2023-02-01,2023-02-01,2,1,11
312,2023-02-01,2023-02-01,3,1,6
312,2023-02-01,2023-02-01,4,1,7
312,2023-02-01,2023-02-01,5,0,0
312,2023-02-01,2023-02-01,6,0,0
312,2023-02-01,2023-02-01,7,0,0
312,2023-02-01,2023-02-01,8,0,0
313,2023-03-01,2023-03-01,0,1,13
313,2023-03-01,2023-03-01,1,1,7
313,2023-03-01,2023-03-01,2,1,7
313,2023-03-01,2023-03-01,3,1,9
313,2023-03-01,2023-03-01,4,0,0
313,2023-03-01,2023-03-01,5,0,0
313,2023-03-01,2023-03-01,6,0,0
313,2023-03-01,2023-03-01,7,1,12
314,2023-03-01,2023-03-01,0,1,14
314,2023-03-01,2023-03-01,1,0,0
314,2023-03-01,2023-03-01,2,1,14
314,2023-03-01,2023-03-01,3,1,10
314,2023-03-01,2023-03-01,4,0,0
314,2023-03-01,2023-03-01,5,0,0
314,2023-03-01,2023-03-01,6,0,0
314,2023-03-01,2023-03-01,7,0,0
315,2023-07-01,2023-07-01,0,1,10
315,2023-07-01,2023-07-01,1,1,5
315,2023-07-01,2023-07-01,2,1,8
315,2023-07-01,2023-07-01,3,0,0
316,2023-08-01,2023-08-01,0,1,8
316,2023-08-01,2023-08-01,1,1,8
316,2023-08-01,2023-08-01,2,0,0
317,2023-08-01,2023-08-01,0,1,8
317,2023-08-01,2023-08-01,1,1,7
317,2023-08-01,2023-08-01,2,0,0
318,2023-10-01,2023-10-01,0,1,10
319,2023-08-01,2023-08-01,0,1,15
319,2023-08-01,2023-08-01,1,1,10
319,2023-08-01,2023-08-01,2,1,6
320,2023-04-01,2023-04-01,0,1,9
320,2023-04-01,2023-04-01,1,1,5
320,2023-04-01,2023-04-01,2,0,0
320,2023-04-01,2023-04-01,3,1,15
320,2023-04-01,2023-04-01,4,0,0
320,2023-04-01,2023-04-01,5,0,0
320,2023-04-01,2023-04-01,6,0,0
321,2023-02-01,2023-02-01,0,1,13
321,2023-02-01,2023-02-01,1,1,8
321,2023-02-01,2023-02-01,2,0,0
321,2023-02-01,2023-02-01,3,0,0
321,2023-02-01,2023-02-01,4,0,0
321,2023-02-01,2023-02-01,5,0,0
321,2023-02-01,2023-02-01,6,0,0
321,2023-02-01,2023-02-01,7,0,0
321,2023-02-01,2023-02-01,8,0,0
322,2023-07-01,2023-07-01,0,1,16
322,2023-07-01,2023-07-01,1,1,8
322,2023-07-01,2023-07-01,2,1,10
322,2023-07-01,2023-07-01,3,1,14
323,2023-10-01,2023-10-01,0,1,12
324,2023-10-01,2023-10-01,0,1,10
325,2023-03-01,2023-03-01,0,1,9
325,2023-03-01,2023-03-01,1,1,6
325,2023-03-01,2023-03-01,2,0,0
325,2023-03-01,2023-03-01,3,0,0
325,2023-03-01,2023-03-01,4,0,0
325,2023-03-01,2023-03-01,5,0,0
325,2023-03-01,2023-03-01,6,0,0
325,2023-03-01,2023-03-01,7,0,0
326,2023-03-01,2023-03-01,0,1,11
326,2023-03-01,2023-03-01,1,1,11
326,2023-03-01,2023-03-01,2,0,0
326,2023-03-01,2023-03-01,3,0,0
326,2023-03-01,2023-03-01,4,0,0
326,2023-03-01,2023-03-01,5,0,0
326,2023-03-01,2023-03-01,6,0,0
326,2023-03-01,2023-03-01,7,0,0
327,2023-01-01,2023-01-01,0,1,8
327,2023-01-01,2023-01-01,1,1,11
327,2023-01-01,2023-01-01,2,0,0
327,2023-01-01,2023-01-01,3,1,8
327,2023-01-01,2023-01-01,4,1,12
327,2023-01-01,2023-01-01,5,0,0
327,2023-01-01,2023-01-01,6,0,0
327,2023-01-01,2023-01-01,7,0,0
327,2023-01-01,2023-01-01,8,0,0
327,2023-01-01,2023-01-01,9,0,0
328,2023-02-01,2023-02-01,0,1,13
328,2023-02-01,2023-02-01,1,0,0
328,2023-02-01,2023-02-01,2,0,0
328,2023-02-01,2023-02-01,3,0,0
328,2023-02-01,2023-02-01,4,0,0
328,2023-02-01,2023-02-01,5,1,5
328,2023-02-01,2023-02-01,6,0,0
328,2023-02-01,2023-02-01,7,0,0
328,2023-02-01,2023-02-01,8,0,0
329,2023-06-01,2023-06-01,0,1,16
329,2023-06-01,2023-06-01,1,1,16
329,2023-06-01,2023-06-01,2,1,15
329,2023-06-01,2023-06-01,3,0,0
329,2023-06-01,2023-06-01,4,0,0
330,2023-06-01,2023-06-01,0,1,12
330,2023-06-01,2023-06-01,1,1,12
330,2023-06-01,2023-06-01,2,1,9
330,2023-06-01,2023-06-01,3,0,0
330,2023-06-01,2023-06-01,4,1,15
331,2023-04-01,2023-04-01,0,1,8
331,2023-04-01,2023-04-01,1,0,0
331,2023-04-01,2023-04-01,2,1,10
331,2023-04-01,2023-04-01,3,0,0
331,2023-04-01,2023-04-01,4,1,8
331,2023-04-01,2023-04-01,5,0,0
331,2023-04-01,2023-04-01,6,0,0
332,2023-04-01,2023-04-01,0,1,9
332,2023-04-01,2023-04-01,1,0,0
332,2023-04-01,2023-04-01,2,1,13
332,2023-04-01,2023-04-01,3,0,0
332,2023-04-01,2023-04-01,4,0,0
332,2023-04-01,2023-04-01,5,0,0
332,2023-04-01,2023-04-01,6,0,0
333,2023-09-01,2023-09-01,0,1,10
333,2023-09-01,2023-09-01,1,1,16
334,2023-05-01,2023-05-01,0,1,10
334,2023-05-01,2023-05-01,1,1,12
334,2023-05-01,2023-05-01,2,1,12
334,2023-05-01,2023-05-01,3,0,0
334,2023-05-01,2023-05-01,4,0,0
334,2023-05-01,2023-05-01,5,0,0
335,2023-09-01,2023-09-01,0,1,11
335,2023-09-01,2023-09-01,1,1,12
336,2023-10-01,2023-10-01,0,1,13
337,2023-04-01,2023-04-01,0,1,9
337,2023-04-01,2023-04-01,1,1,9
337,2023-04-01,2023-04-01,2,0,0
337,2023-04-01,2023-04-01,3,1,6
337,2023-04-01,2023-04-01,4,0,0
337,2023-04-01,2023-04-01,5,1,13
337,2023-04-01,2023-04-01,6,0,0
338,2023-03-01,2023-03-01,0,1,17
338,2023-03-01,2023-03-01,1,1,10
338,2023-03-01,2023-03-01,2,0,0
338,2023-03-01,2023-03-01,3,1,12
338,2023-03-01,2023-03-01,4,0,0
338,2023-03-01,2023-03-01,5,0,0
338,2023-03-01,2023-03-01,6,0,0
338,2023-03-01,2023-03-01,7,0,0
339,2023-10-01,2023-10-01,0,1,9
340,2023-07-01,2023-07-01,0,1,12
340,2023-07-01,2023-07-01,1,1,10
340,2023-07-01,2023-07-01,2,1,9
340,2023-07-01,2023-07-01,3,0,0
341,2023-03-01,2023-03-01,0,1,11
341,2023-03-01,2023-03-01,1,1,7
341,2023-03-01,2023-03-01,2,1,8
341,2023-03-01,2023-03-01,3,0,0
341,2023-03-01,2023-03-01,4,0,0
341,2023-03-01,2023-03-01,5,0,0
341,2023-03-01,2023-03-01,6,1,13
341,2023-03-01,2023-03-01,7,0,0
342,2023-07-01,2023-07-01,0,1,12
342,2023-07-01,2023-07-01,1,1,6
342,2023-07-01,2023-07-01,2,0,0
342,2023-07-01,2023-07-01,3,0,0
343,2023-06-01,2023-06-01,0,1,10
343,2023-06-01,2023-06-01,1,1,8
343,2023-06-01,2023-06-01,2,1,9
343,2023-06-01,2023-06-01,3,0,0
343,2023-06-01,2023-06-01,4,0,0
344,2023-10-01,2023-10-01,0,1,14
345,2023-03-01,2023-03-01,0,1,8
345,2023-03-01,2023-03-01,1,1,12
345,2023-03-01,2023-03-01,2,1,11
345,2023-03-01,2023-03-01,3,0,0
345,2023-03-01,2023-03-01,4,0,0
345,2023-03-01,2023-03-01,5,0,0
345,2023-03-01,2023-03-01,6,0,0
345,2023-03-01,2023-03-01,7,0,0
346,2023-10-01,2023-10-01,0,1,11
347,2023-10-01,2023-10-01,0,1,14
348,2023-02-01,2023-02-01,0,1,10
348,2023-02-01,2023-02-01,1,1,13
348,2023-02-01,2023-02-01,2,1,7
348,2023-02-01,2023-02-01,3,0,0
348,2023-02-01,2023-02-01,4,1,7
348,2023-02-01,2023-02-01,5,1,7
348,2023-02-01,2023-02-01,6,0,0
348,2023-02-01,2023-02-01,7,0,0
348,2023-02-01,2023-02-01,8,0,0
349,2023-02-01,2023-02-01,0,1,10
349,2023-02-01,2023-02-01,1,1,8
349,2023-02-01,2023-02-01,2,1,11
349,2023-02-01,2023-02-01,3,0,0
349,2023-02-01,2023-02-01,4,1,11
349,2023-02-01,2023-02-01,5,0,0
349,2023-02-01,2023-02-01,6,0,0
349,2023-02-01,2023-02-01,7,0,0
349,2023-02-01,2023-02-01,8,1,15
350,2023-06-01,2023-06-01,0,1,8
350,2023-06-01,2023-06-01,1,1,8
350,2023-06-01,2023-06-01,2,0,0
350,2023-06-01,2023-06-01,3,1,5
350,2023-06-01,2023-06-01,4,1,12
351,2023-01-01,2023-01-01,0,1,11
351,2023-01-01,2023-01-01,1,1,10
351,2023-01-01,2023-01-01,2,1,7
351,2023-01-01,2023-01-01,3,1,6
351,2023-01-01,2023-01-01,4,0,0
351,2023-01-01,2023-01-01,5,1,11
351,2023-01-01,2023-01-01,6,0,0
351,2023-01-01,2023-01-01,7,0,0
351,2023-01-01,2023-01-01,8,0,0
351,2023-01-01,2023-01-01,9,0,0
352,2023-03-01,2023-03-01,0,1,12
352,2023-03-01,2023-03-01,1,1,10
352,2023-03-01,2023-03-01,2,1,9
352,2023-03-01,2023-03-01,3,1,14
352,2023-03-01,2023-03-01,4,0,0
352,2023-03-01,2023-03-01,5,0,0
352,2023-03-01,2023-03-01,6,0,0
352,2023-03-01,2023-03-01,7,0,0
353,2023-05-01,2023-05-01,0,1,11
353,2023-05-01,2023-05-01,1,0,0
353,2023-05-01,2023-05-01,2,1,11
353,2023-05-01,2023-05-01,3,1,7
353,2023-05-01,2023-05-01,4,1,7
353,2023-05-01,2023-05-01,5,0,0
354,2023-10-01,2023-10-01,0,1,9
355,2023-10-01,2023-10-01,0,1,14
356,2023-02-01,2023-02-01,0,1,9
356,2023-02-01,2023-02-01,1,0,0
356,2023-02-01,2023-02-01,2,1,8
356,2023-02-01,2023-02-01,3,1,11
356,2023-02-01,2023-02-01,4,0,0
356,2023-02-01,2023-02-01,5,0,0
356,2023-02-01,2023-02-01,6,0,0
356,2023-02-01,2023-02-01,7,0,0
356,2023-02-01,2023-02-01,8,1,10
357,2023-09-01,2023-09-01,0,1,9
357,2023-09-01,2023-09-01,1,1,8
358,2023-01-01,2023-01-01,0,1,9
358,2023-01-01,2023-01-01,1,1,7
358,2023-01-01,2023-01-01,2,0,0
358,2023-01-01,2023-01-01,3,0,0
358,2023-01-01,2023-01-01,4,1,6
358,2023-01-01,2023-01-01,5,0,0
358,2023-01-01,2023-01-01,6,0,0
358,2023-01-01,2023-01-01,7,1,9
358,2023-01-01,2023-01-01,8,0,0
358,2023-01-01,2023-01-01,9,1,8
359,2023-08-01,2023-08-01,0,1,13
359,2023-08-01,2023-08-01,1,1,12
359,2023-08-01,2023-08-01,2,1,14
360,2023-09-01,2023-09-01,0,1,8
360,2023-09-01,2023-09-01,1,1,13
361,2023-09-01,2023-09-01,0,1,6
361,2023-09-01,2023-09-01,1,1,14
362,2023-03-01,2023-03-01,0,1,11
362,2023-03-01,2023-03-01,1,1,11
362,2023-03-01,2023-03-01,2,0,0
362,2023-03-01,2023-03-01,3,0,0
362,2023-03-01,2023-03-01,4,0,0
362,2023-03-01,2023-03-01,5,0,0
362,2023-03-01,2023-03-01,6,0,0
362,2023-03-01,2023-03-01,7,0,0
363,2023-09-01,2023-09-01,0,1,10
363,2023-09-01,2023-09-01,1,1,6
364,2023-02-01,2023-02-01,0,1,10
364,2023-02-01,2023-02-01,1,1,3
364,2023-02-01,2023-02-01,2,0,0
364,2023-02-01,2023-02-01,3,1,11
364,2023-02-01,2023-02-01,4,0,0
364,2023-02-01,2023-02-01,5,1,8
364,2023-02-01,2023-02-01,6,1,10
364,2023-02-01,2023-02-01,7,0,0
364,2023-02-01,2023-02-01,8,0,0
365,2023-06-01,2023-06-01,0,1,5
365,2023-06-01,2023-06-01,1,1,4
365,2023-06-01,2023-06-01,2,0,0
365,2023-06-01,2023-06-01,3,1,9
365,2023-06-01,2023-06-01,4,1,16
366,2023-05-01,2023-05-01,0,1,9
366,2023-05-01,2023-05-01,1,1,9
366,2023-05-01,2023-05-01,2,0,0
366,2023-05-01,2023-05-01,3,0,0
366,2023-05-01,2023-05-01,4,1,11
366,2023-05-01,2023-05-01,5,0,0
367,2023-04-01,2023-04-01,0,1,6
367,2023-04-01,2023-04-01,1,1,10
367,2023-04-01,2023-04-01,2,1,15
367,2023-04-01,2023-04-01,3,1,12
367,2023-04-01,2023-04-01,4,1,9
367,2023-04-01,2023-04-01,5,1,10
367,2023-04-01,2023-04-01,6,0,0
368,2023-01-01,2023-01-01,0,1,6
368,2023-01-01,2023-01-01,1,1,16
368,2023-01-01,2023-01-01,2,0,0
368,2023-01-01,2023-01-01,3,0,0
368,2023-01-01,2023-01-01,4,0,0
368,2023-01-01,2023-01-01,5,1,15
368,2023-01-01,2023-01-01,6,0,0
368,2023-01-01,2023-01-01,7,0,0
368,2023-01-01,2023-01-01,8,0,0
368,2023-01-01,2023-01-01,9,0,0
369,2023-08-01,2023-08-01,0,1,6
369,2023-08-01,2023-08-01,1,1,5
369,2023-08-01,2023-08-01,2,1,9
370,2023-04-01,2023-04-01,0,1,7
370,2023-04-01,2023-04-01,1,1,9
370,2023-04-01,2023-04-01,2,1,11
370,2023-04-01,2023-04-01,3,0,0
370,2023-04-01,2023-04-01,4,0,0
370,2023-04-01,2023-04-01,5,0,0
370,2023-04-01,2023-04-01,6,0,0
371,2023-07-01,2023-07-01,0,1,8
371,2023-07-01,2023-07-01,1,1,10
371,2023-07-01,2023-07-01,2,1,7
371,2023-07-01,2023-07-01,3,1,10
372,2023-05-01,2023-05-01,0,1,11
372,2023-05-01,2023-05-01,1,1,7
372,2023-05-01,2023-05-01,2,1,9
372,2023-05-01,2023-05-01,3,0,0
372,2023-05-01,2023-05-01,4,1,15
372,2023-05-01,2023-05-01,5,1,14
373,2023-04-01,2023-04-01,0,1,13
373,2023-04-01,2023-04-01,1,1,18
373,2023-04-01,2023-04-01,2,1,9
373,2023-04-01,2023-04-01,3,0,0
373,2023-04-01,2023-04-01,4,1,10
373,2023-04-01,2023-04-01,5,0,0
373,2023-04-01,2023-04-01,6,0,0
374,2023-09-01,2023-09-01,0,1,9
374,2023-09-01,2023-09-01,1,1,13
375,2023-01-01,2023-01-01,0,1,8
375,2023-01-01,2023-01-01,1,1,11
375,2023-01-01,2023-01-01,2,0,0
375,2023-01-01,2023-01-01,3,0,0
375,2023-01-01,2023-01-01,4,0,0
375,2023-01-01,2023-01-01,5,1,8
375,2023-01-01,2023-01-01,6,0,0
375,2023-01-01,2023-01-01,7,0,0
375,2023-01-01,2023-01-01,8,0,0
375,2023-01-01,2023-01-01,9,0,0
376,2023-08-01,2023-08-01,0,1,11
376,2023-08-01,2023-08-01,1,1,9
376,2023-08-01,2023-08-01,2,0,0
377,2023-08-01,2023-08-01,0,1,11
377,2023-08-01,2023-08-01,1,0,0
377,2023-08-01,2023-08-01,2,0,0
378,2023-04-01,2023-04-01,0,1,6
378,2023-04-01,2023-04-01,1,1,9
378,2023-04-01,2023-04-01,2,1,12
378,2023-04-01,2023-04-01,3,0,0
378,2023-04-01,2023-04-01,4,0,0
378,2023-04-01,2023-04-01,5,1,12
378,2023-04-01,2023-04-01,6,1,8
379,2023-03-01,2023-03-01,0,1,11
379,2023-03-01,2023-03-01,1,0,0
379,2023-03-01,2023-03-01,2,1,12
379,2023-03-01,2023-03-01,3,0,0
379,2023-03-01,2023-03-01,4,1,16
379,2023-03-01,2023-03-01,5,0,0
379,2023-03-01,2023-03-01,6,0,0
379,2023-03-01,2023-03-01,7,0,0
380,2023-01-01,2023-01-01,0,1,11
380,2023-01-01,2023-01-01,1,0,0
380,2023-01-01,2023-01-01,2,1,9
380,2023-01-01,2023-01-01,3,1,8
380,2023-01-01,2023-01-01,4,1,11
380,2023-01-01,2023-01-01,5,0,0
380,2023-01-01,2023-01-01,6,0,0
380,2023-01-01,2023-01-01,7,0,0
380,2023-01-01,2023-01-01,8,0,0
380,2023-01-01,2023-01-01,9,0,0
381,2023-10-01,2023-10-01,0,1,7
382,2023-10-01,2023-10-01,0,1,13
383,2023-03-01,2023-03-01,0,1,7
383,2023-03-01,2023-03-01,1,1,11
383,2023-03-01,2023-03-01,2,1,10
383,2023-03-01,2023-03-01,3,0,0
383,2023-03-01,2023-03-01,4,0,0
383,2023-03-01,2023-03-01,5,0,0
383,2023-03-01,2023-03-01,6,0,0
383,2023-03-01,2023-03-01,7,0,0
384,2023-01-01,2023-01-01,0,1,12
384,2023-01-01,2023-01-01,1,1,6
384,2023-01-01,2023-01-01,2,1,8
384,2023-01-01,2023-01-01,3,0,0
384,2023-01-01,2023-01-01,4,1,8
384,2023-01-01,2023-01-01,5,0,0
384,2023-01-01,2023-01-01,6,0,0
384,2023-01-01,2023-01-01,7,0,0
384,2023-01-01,2023-01-01,8,0,0
384,2023-01-01,2023-01-01,9,0,0
385,2023-02-01,2023-02-01,0,1,18
385,2023-02-01,2023-02-01,1,1,9
385,2023-02-01,2023-02-01,2,1,11
385,2023-02-01,2023-02-01,3,0,0
385,2023-02-01,2023-02-01,4,1,9
385,2023-02-01,2023-02-01,5,0,0
385,2023-02-01,2023-02-01,6,1,6
385,2023-02-01,2023-02-01,7,0,0
385,2023-02-01,2023-02-01,8,0,0
386,2023-01-01,2023-01-01,0,1,8
386,2023-01-01,2023-01-01,1,1,10
386,2023-01-01,2023-01-01,2,0,0
386,2023-01-01,2023-01-01,3,1,12
386,2023-01-01,2023-01-01,4,1,10
386,2023-01-01,2023-01-01,5,0,0
386,2023-01-01,2023-01-01,6,0,0
386,2023-01-01,2023-01-01,7,0,0
386,2023-01-01,2023-01-01,8,0,0
386,2023-01-01,2023-01-01,9,0,0
387,2023-09-01,2023-09-01,0,1,13
387,2023-09-01,2023-09-01,1,1,5
388,2023-09-01,2023-09-01,0,1,7
388,2023-09-01,2023-09-01,1,0,0
389,2023-02-01,2023-02-01,0,1,7
389,2023-02-01,2023-02-01,1,1,9
389,2023-02-01,2023-02-01,2,1,14
389,2023-02-01,2023-02-01,3,0,0
389,2023-02-01,2023-02-01,4,1,8
389,2023-02-01,2023-02-01,5,0,0
389,2023-02-01,2023-02-01,6,0,0
389,2023-02-01,2023-02-01,7,1,8
389,2023-02-01,2023-02-01,8,0,0
390,2023-08-01,2023-08-01,0,1,6
390,2023-08-01,2023-08-01,1,0,0
390,2023-08-01,2023-08-01,2,1,14
391,2023-02-01,2023-02-01,0,1,6
391,2023-02-01,2023-02-01,1,1,11
391,2023-02-01,2023-02-01,2,1,10
391,2023-02-01,2023-02-01,3,0,0
391,2023-02-01,2023-02-01,4,1,6
391,2023-02-01,2023-02-01,5,0,0
391,2023-02-01,2023-02-01,6,0,0
391,2023-02-01,2023-02-01,7,0,0
391,2023-02-01,2023-02-01,8,0,0
392,2023-04-01,2023-04-01,0,1,9
392,2023-04-01,2023-04-01,1,1,15
392,2023-04-01,2023-04-01,2,0,0
392,2023-04-01,2023-04-01,3,1,13
392,2023-04-01,2023-04-01,4,1,10
392,2023-04-01,2023-04-01,5,1,13
392,2023-04-01,2023-04-01,6,0,0
393,2023-06-01,2023-06-01,0,1,9
393,2023-06-01,2023-06-01,1,1,10
393,2023-06-01,2023-06-01,2,1,10
393,2023-06-01,2023-06-01,3,1,11
393,2023-06-01,2023-06-01,4,0,0
394,2023-08-01,2023-08-01,0,1,8
394,2023-08-01,2023-08-01,1,1,6
394,2023-08-01,2023-08-01,2,1,8
395,2023-09-01,2023-09-01,0,1,12
395,2023-09-01,2023-09-01,1,1,9
396,2023-01-01,2023-01-01,0,1,7
396,2023-01-01,2023-01-01,1,1,7
396,2023-01-01,2023-01-01,2,0,0
396,2023-01-01,2023-01-01,3,0,0
396,2023-01-01,2023-01-01,4,0,0
396,2023-01-01,2023-01-01,5,1,8
396,2023-01-01,2023-01-01,6,1,9
396,2023-01-01,2023-01-01,7,0,0
396,2023-01-01,2023-01-01,8,0,0
396,2023-01-01,2023-01-01,9,1,11
397,2023-02-01,2023-02-01,0,1,10
397,2023-02-01,2023-02-01,1,1,13
397,2023-02-01,2023-02-01,2,0,0
397,2023-02-01,2023-02-01,3,1,9
397,2023-02-01,2023-02-01,4,0,0
397,2023-02-01,2023-02-01,5,0,0
397,2023-02-01,2023-02-01,6,0,0
397,2023-02-01,2023-02-01,7,1,15
397,2023-02-01,2023-02-01,8,0,0
398,2023-03-01,2023-03-01,0,1,9
398,2023-03-01,2023-03-01,1,0,0
398,2023-03-01,2023-03-01,2,1,8
398,2023-03-01,2023-03-01,3,1,7
398,2023-03-01,2023-03-01,4,1,11
398,2023-03-01,2023-03-01,5,0,0
398,2023-03-01,2023-03-01,6,0,0
398,2023-03-01,2023-03-01,7,0,0
399,2023-04-01,2023-04-01,0,1,11
399,2023-04-01,2023-04-01,1,1,12
399,2023-04-01,2023-04-01,2,0,0
399,2023-04-01,2023-04-01,3,0,0
399,2023-04-01,2023-04-01,4,0,0
399,2023-04-01,2023-04-01,5,0,0
399,2023-04-01,2023-04-01,6,0,0
400,2023-10-01,2023-10-01,0,1,4
401,2023-08-01,2023-08-01,0,1,12
401,2023-08-01,2023-08-01,1,1,9
401,2023-08-01,2023-08-01,2,1,9
402,2023-04-01,2023-04-01,0,1,7
402,2023-04-01,2023-04-01,1,0,0
402,2023-04-01,2023-04-01,2,1,7
402,2023-04-01,2023-04-01,3,0,0
402,2023-04-01,2023-04-01,4,0,0
402,2023-04-01,2023-04-01,5,0,0
402,2023-04-01,2023-04-01,6,0,0
403,2023-10-01,2023-10-01,0,1,13
404,2023-05-01,2023-05-01,0,1,12
404,2023-05-01,2023-05-01,1,0,0
404,2023-05-01,2023-05-01,2,1,6
404,2023-05-01,2023-05-01,3,1,11
404,2023-05-01,2023-05-01,4,0,0
404,2023-05-01,2023-05-01,5,1,9
405,2023-06-01,2023-06-01,0,1,10
405,2023-06-01,2023-06-01,1,1,11
405,2023-06-01,2023-06-01,2,1,14
405,2023-06-01,2023-06-01,3,0,0
405,2023-06-01,2023-06-01,4,0,0
406,2023-05-01,2023-05-01,0,1,9
406,2023-05-01,2023-05-01,1,0,0
406,2023-05-01,2023-05-01,2,0,0
406,2023-05-01,2023-05-01,3,1,15
406,2023-05-01,2023-05-01,4,0,0
406,2023-05-01,2023-05-01,5,0,0
407,2023-02-01,2023-02-01,0,1,8
407,2023-02-01,2023-02-01,1,1,14
407,2023-02-01,2023-02-01,2,1,5
407,2023-02-01,2023-02-01,3,1,10
407,2023-02-01,2023-02-01,4,1,14
407,2023-02-01,2023-02-01,5,0,0
407,2023-02-01,2023-02-01,6,0,0
407,2023-02-01,2023-02-01,7,0,0
407,2023-02-01,2023-02-01,8,1,12
408,2023-10-01,2023-10-01,0,1,7
409,2023-01-01,2023-01-01,0,1,4
409,2023-01-01,2023-01-01,1,1,11
409,2023-01-01,2023-01-01,2,1,8
409,2023-01-01,2023-01-01,3,1,11
409,2023-01-01,2023-01-01,4,1,9
409,2023-01-01,2023-01-01,5,0,0
409,2023-01-01,2023-01-01,6,0,0
409,2023-01-01,2023-01-01,7,1,12
409,2023-01-01,2023-01-01,8,0,0
409,2023-01-01,2023-01-01,9,1,5
410,2023-02-01,2023-02-01,0,1,6
410,2023-02-01,2023-02-01,1,1,3
410,2023-02-01,2023-02-01,2,1,10
410,2023-02-01,2023-02-01,3,0,0
410,2023-02-01,2023-02-01,4,0,0
410,2023-02-01,2023-02-01,5,0,0
410,2023-02-01,2023-02-01,6,0,0
410,2023-02-01,2023-02-01,7,0,0
410,2023-02-01,2023-02-01,8,0,0
411,2023-03-01,2023-03-01,0,1,7
411,2023-03-01,2023-03-01,1,1,10
411,2023-03-01,2023-03-01,2,0,0
411,2023-03-01,2023-03-01,3,1,14
411,2023-03-01,2023-03-01,4,1,13
411,2023-03-01,2023-03-01,5,1,12
411,2023-03-01,2023-03-01,6,0,0
411,2023-03-01,2023-03-01,7,0,0
412,2023-03-01,2023-03-01,0,1,11
412,2023-03-01,2023-03-01,1,1,12
412,2023-03-01,2023-03-01,2,1,11
412,2023-03-01,2023-03-01,3,1,10
412,2023-03-01,2023-03-01,4,1,14
412,2023-03-01,2023-03-01,5,1,10
412,2023-03-01,2023-03-01,6,0,0
412,2023-03-01,2023-03-01,7,0,0
413,2023-02-01,2023-02-01,0,1,10
413,2023-02-01,2023-02-01,1,1,7
413,2023-02-01,2023-02-01,2,1,12
413,2023-02-01,2023-02-01,3,0,0
413,2023-02-01,2023-02-01,4,0,0
413,2023-02-01,2023-02-01,5,0,0
413,2023-02-01,2023-02-01,6,0,0
413,2023-02-01,2023-02-01,7,0,0
413,2023-02-01,2023-02-01,8,0,0
414,2023-01-01,2023-01-01,0,1,12
414,2023-01-01,2023-01-01,1,1,11
414,2023-01-01,2023-01-01,2,0,0
414,2023-01-01,2023-01-01,3,1,10
414,2023-01-01,2023-01-01,4,0,0
414,2023-01-01,2023-01-01,5,0,0
414,2023-01-01,2023-01-01,6,0,0
414,2023-01-01,2023-01-01,7,0,0
414,2023-01-01,2023-01-01,8,0,0
414,2023-01-01,2023-01-01,9,0,0
415,2023-07-01,2023-07-01,0,1,7
415,2023-07-01,2023-07-01,1,1,11
415,2023-07-01,2023-07-01,2,1,7
415,2023-07-01,2023-07-01,3,0,0
416,2023-10-01,2023-10-01,0,1,11
417,2023-02-01,2023-02-01,0,1,12
417,2023-02-01,2023-02-01,1,1,12
417,2023-02-01,2023-02-01,2,0,0
417,2023-02-01,2023-02-01,3,1,8
417,2023-02-01,2023-02-01,4,0,0
417,2023-02-01,2023-02-01,5,0,0
417,2023-02-01,2023-02-01,6,0,0
417,2023-02-01,2023-02-01,7,0,0
417,2023-02-01,2023-02-01,8,0,0
418,2023-03-01,2023-03-01,0,1,12
418,2023-03-01,2023-03-01,1,1,7
418,2023-03-01,2023-03-01,2,1,10
418,2023-03-01,2023-03-01,3,0,0
418,2023-03-01,2023-03-01,4,0,0
418,2023-03-01,2023-03-01,5,1,11
418,2023-03-01,2023-03-01,6,1,10
418,2023-03-01,2023-03-01,7,0,0
419,2023-06-01,2023-06-01,0,1,13
419,2023-06-01,2023-06-01,1,1,11
419,2023-06-01,2023-06-01,2,0,0
419,2023-06-01,2023-06-01,3,0,0
419,2023-06-01,2023-06-01,4,1,5
420,2023-10-01,2023-10-01,0,1,8
421,2023-07-01,2023-07-01,0,1,11
421,2023-07-01,2023-07-01,1,1,14
421,2023-07-01,2023-07-01,2,1,8
421,2023-07-01,2023-07-01,3,0,0
422,2023-08-01,2023-08-01,0,1,14
422,2023-08-01,2023-08-01,1,1,7
422,2023-08-01,2023-08-01,2,0,0
423,2023-06-01,2023-06-01,0,1,8
423,2023-06-01,2023-06-01,1,1,9
423,2023-06-01,2023-06-01,2,1,12
423,2023-06-01,2023-06-01,3,0,0
423,2023-06-01,2023-06-01,4,1,9
424,2023-05-01,2023-05-01,0,1,8
424,2023-05-01,2023-05-01,1,1,3
424,2023-05-01,2023-05-01,2,1,10
424,2023-05-01,2023-05-01,3,1,8
424,2023-05-01,2023-05-01,4,0,0
424,2023-05-01,2023-05-01,5,0,0
425,2023-02-01,2023-02-01,0,1,8
425,2023-02-01,2023-02-01,1,1,13
425,2023-02-01,2023-02-01,2,1,13
425,2023-02-01,2023-02-01,3,0,0
425,2023-02-01,2023-02-01,4,0,0
425,2023-02-01,2023-02-01,5,1,19
425,2023-02-01,2023-02-01,6,0,0
425,2023-02-01,2023-02-01,7,0,0
425,2023-02-01,2023-02-01,8,0,0
426,2023-09-01,2023-09-01,0,1,12
426,2023-09-01,2023-09-01,1,1,13
427,2023-09-01,2023-09-01,0,1,12
427,2023-09-01,2023-09-01,1,0,0
428,2023-01-01,2023-01-01,0,1,10
428,2023-01-01,2023-01-01,1,1,11
428,2023-01-01,2023-01-01,2,1,13
428,2023-01-01,2023-01-01,3,0,0
428,2023-01-01,2023-01-01,4,0,0
428,2023-01-01,2023-01-01,5,0,0
428,2023-01-01,2023-01-01,6,0,0
428,2023-01-01,2023-01-01,7,0,0
428,2023-01-01,2023-01-01,8,0,0
428,2023-01-01,2023-01-01,9,0,0
429,2023-08-01,2023-08-01,0,1,6
429,2023-08-01,2023-08-01,1,1,13
429,2023-08-01,2023-08-01,2,1,6
430,2023-01-01,2023-01-01,0,1,16
430,2023-01-01,2023-01-01,1,1,10
430,2023-01-01,2023-01-01,2,0,0
430,2023-01-01,2023-01-01,3,1,8
430,2023-01-01,2023-01-01,4,0,0
430,2023-01-01,2023-01-01,5,0,0
430,2023-01-01,2023-01-01,6,0,0
430,2023-01-01,2023-01-01,7,0,0
430,2023-01-01,2023-01-01,8,1,10
430,2023-01-01,2023-01-01,9,0,0
431,2023-08-01,2023-08-01,0,1,5
431,2023-08-01,2023-08-01,1,1,9
431,2023-08-01,2023-08-01,2,1,7
432,2023-09-01,2023-09-01,0,1,2
432,2023-09-01,2023-09-01,1,1,11
433,2023-02-01,2023-02-01,0,1,6
433,2023-02-01,2023-02-01,1,1,14
433,2023-02-01,2023-02-01,2,0,0
433,2023-02-01,2023-02-01,3,0,0
433,2023-02-01,2023-02-01,4,0,0
433,2023-02-01,2023-02-01,5,1,3
433,2023-02-01,2023-02-01,6,0,0
433,2023-02-01,2023-02-01,7,0,0
433,2023-02-01,2023-02-01,8,0,0
434,2023-05-01,2023-05-01,0,1,11
434,2023-05-01,2023-05-01,1,0,0
434,2023-05-01,2023-05-01,2,1,7
434,2023-05-01,2023-05-01,3,1,5
434,2023-05-01,2023-05-01,4,1,10
434,2023-05-01,2023-05-01,5,0,0
435,2023-02-01,2023-02-01,0,1,12
435,2023-02-01,2023-02-01,1,0,0
435,2023-02-01,2023-02-01,2,1,9
435,2023-02-01,2023-02-01,3,1,11
435,2023-02-01,2023-02-01,4,0,0
435,2023-02-01,2023-02-01,5,0,0
435,2023-02-01,2023-02-01,6,1,14
435,2023-02-01,2023-02-01,7,1,9
435,2023-02-01,2023-02-01,8,0,0
436,2023-06-01,2023-06-01,0,1,9
436,2023-06-01,2023-06-01,1,1,9
436,2023-06-01,2023-06-01,2,1,6
436,2023-06-01,2023-06-01,3,0,0
436,2023-06-01,2023-06-01,4,0,0
437,2023-10-01,2023-10-01,0,1,9
438,2023-01-01,2023-01-01,0,1,8
438,2023-01-01,2023-01-01,1,1,7
438,2023-01-01,2023-01-01,2,1,5
438,2023-01-01,2023-01-01,3,1,12
438,2023-01-01,2023-01-01,4,0,0
438,2023-01-01,2023-01-01,5,0,0
438,2023-01-01,2023-01-01,6,1,7
438,2023-01-01,2023-01-01,7,0,0
438,2023-01-01,2023-01-01,8,0,0
438,2023-01-01,2023-01-01,9,0,0
439,2023-04-01,2023-04-01,0,1,5
439,2023-04-01,2023-04-01,1,1,11
439,2023-04-01,2023-04-01,2,0,0
439,2023-04-01,2023-04-01,3,1,12
439,2023-04-01,2023-04-01,4,0,0
439,2023-04-01,2023-04-01,5,0,0
439,2023-04-01,2023-04-01,6,0,0
440,2023-10-01,2023-10-01,0,1,9
441,2023-04-01,2023-04-01,0,1,12
441,2023-04-01,2023-04-01,1,1,11
441,2023-04-01,2023-04-01,2,1,8
441,2023-04-01,2023-04-01,3,1,9
441,2023-04-01,2023-04-01,4,0,0
441,2023-04-01,2023-04-01,5,0,0
441,2023-04-01,2023-04-01,6,1,12
442,2023-02-01,2023-02-01,0,1,9
442,2023-02-01,2023-02-01,1,0,0
442,2023-02-01,2023-02-01,2,1,13
442,2023-02-01,2023-02-01,3,0,0
442,2023-02-01,2023-02-01,4,1,12
442,2023-02-01,2023-02-01,5,0,0
442,2023-02-01,2023-02-01,6,0,0
442,2023-02-01,2023-02-01,7,0,0
442,2023-02-01,2023-02-01,8,0,0
443,2023-05-01,2023-05-01,0,1,7
443,2023-05-01,2023-05-01,1,0,0
443,2023-05-01,2023-05-01,2,1,13
443,2023-05-01,2023-05-01,3,0,0
443,2023-05-01,2023-05-01,4,1,10
443,2023-05-01,2023-05-01,5,0,0
444,2023-06-01,2023-06-01,0,1,7
444,2023-06-01,2023-06-01,1,1,9
444,2023-06-01,2023-06-01,2,0,0
444,2023-06-01,2023-06-01,3,1,9
444,2023-06-01,2023-06-01,4,0,0
445,2023-07-01,2023-07-01,0,1,6
445,2023-07-01,2023-07-01,1,1,7
445,2023-07-01,2023-07-01,2,1,7
445,2023-07-01,2023-07-01,3,0,0
446,2023-04-01,2023-04-01,0,1,10
446,2023-04-01,2023-04-01,1,1,8
446,2023-04-01,2023-04-01,2,1,15
446,2023-04-01,2023-04-01,3,1,7
446,2023-04-01,2023-04-01,4,0,0
446,2023-04-01,2023-04-01,5,0,0
446,2023-04-01,2023-04-01,6,0,0
447,2023-10-01,2023-10-01,0,1,14
448,2023-06-01,2023-06-01,0,1,11
448,2023-06-01,2023-06-01,1,0,0
448,2023-06-01,2023-06-01,2,1,6
448,2023-06-01,2023-06-01,3,1,18
448,2023-06-01,2023-06-01,4,0,0
449,2023-03-01,2023-03-01,0,1,14
449,2023-03-01,2023-03-01,1,1,9
449,2023-03-01,2023-03-01,2,1,11
449,2023-03-01,2023-03-01,3,0,0
449,2023-03-01,2023-03-01,4,0,0
449,2023-03-01,2023-03-01,5,1,6
449,2023-03-01,2023-03-01,6,0,0
449,2023-03-01,2023-03-01,7,0,0
450,2023-10-01,2023-10-01,0,1,14
451,2023-10-01,2023-10-01,0,1,13
452,2023-05-01,2023-05-01,0,1,7
452,2023-05-01,2023-05-01,1,0,0
452,2023-05-01,2023-05-01,2,0,0
452,2023-05-01,2023-05-01,3,1,7
452,2023-05-01,2023-05-01,4,1,4
452,2023-05-01,2023-05-01,5,0,0
453,2023-01-01,2023-01-01,0,1,9
453,2023-01-01,2023-01-01,1,1,11
453,2023-01-01,2023-01-01,2,1,6
453,2023-01-01,2023-01-01,3,1,11
453,2023-01-01,2023-01-01,4,1,7
453,2023-01-01,2023-01-01,5,0,0
453,2023-01-01,2023-01-01,6,0,0
453,2023-01-01,2023-01-01,7,0,0
453,2023-01-01,2023-01-01,8,0,0
453,2023-01-01,2023-01-01,9,0,0
454,2023-06-01,2023-06-01,0,1,14
454,2023-06-01,2023-06-01,1,1,17
454,2023-06-01,2023-06-01,2,1,10
454,2023-06-01,2023-06-01,3,1,10
454,2023-06-01,2023-06-01,4,0,0
455,2023-06-01,2023-06-01,0,1,9
455,2023-06-01,2023-06-01,1,0,0
455,2023-06-01,2023-06-01,2,1,7
455,2023-06-01,2023-06-01,3,1,9
455,2023-06-01,2023-06-01,4,0,0
456,2023-02-01,2023-02-01,0,1,18
456,2023-02-01,2023-02-01,1,1,12
456,2023-02-01,2023-02-01,2,1,8
456,2023-02-01,2023-02-01,3,1,14
456,2023-02-01,2023-02-01,4,0,0
456,2023-02-01,2023-02-01,5,0,0
456,2023-02-01,2023-02-01,6,1,12
456,2023-02-01,2023-02-01,7,0,0
456,2023-02-01,2023-02-01,8,0,0
457,2023-07-01,2023-07-01,0,1,15
457,2023-07-01,2023-07-01,1,1,8
457,2023-07-01,2023-07-01,2,0,0
457,2023-07-01,2023-07-01,3,1,10
458,2023-09-01,2023-09-01,0,1,8
458,2023-09-01,2023-09-01,1,1,6
459,2023-02-01,2023-02-01,0,1,9
459,2023-02-01,2023-02-01,1,1,10
459,2023-02-01,2023-02-01,2,1,12
459,2023-02-01,2023-02-01,3,0,0
459,2023-02-01,2023-02-01,4,0,0
459,2023-02-01,2023-02-01,5,1,8
459,2023-02-01,2023-02-01,6,0,0
459,2023-02-01,2023-02-01,7,1,11
459,2023-02-01,2023-02-01,8,0,0
460,2023-08-01,2023-08-01,0,1,14
460,2023-08-01,2023-08-01,1,0,0
460,2023-08-01,2023-08-01,2,1,7
461,2023-02-01,2023-02-01,0,1,11
461,2023-02-01,2023-02-01,1,0,0
461,2023-02-01,2023-02-01,2,1,6
461,2023-02-01,2023-02-01,3,1,6
461,2023-02-01,2023-02-01,4,0,0
461,2023-02-01,2023-02-01,5,0,0
461,2023-02-01,2023-02-01,6,0,0
461,2023-02-01,2023-02-01,7,0,0
461,2023-02-01,2023-02-01,8,1,7
462,2023-08-01,2023-08-01,0,1,7
462,2023-08-01,2023-08-01,1,1,10
462,2023-08-01,2023-08-01,2,1,12
463,2023-05-01,2023-05-01,0,1,10
463,2023-05-01,2023-05-01,1,1,4
463,2023-05-01,2023-05-01,2,0,0
463,2023-05-01,2023-05-01,3,0,0
463,2023-05-01,2023-05-01,4,0,0
463,2023-05-01,2023-05-01,5,0,0
464,2023-01-01,2023-01-01,0,1,9
464,2023-01-01,2023-01-01,1,0,0
464,2023-01-01,2023-01-01,2,1,11
464,2023-01-01,2023-01-01,3,0,0
464,2023-01-01,2023-01-01,4,0,0
464,2023-01-01,2023-01-01,5,1,11
464,2023-01-01,2023-01-01,6,1,7
464,2023-01-01,2023-01-01,7,0,0
464,2023-01-01,2023-01-01,8,0,0
464,2023-01-01,2023-01-01,9,0,0
465,2023-10-01,2023-10-01,0,1,13
466,2023-02-01,2023-02-01,0,1,8
466,2023-02-01,2023-02-01,1,1,10
466,2023-02-01,2023-02-01,2,1,12
466,2023-02-01,2023-02-01,3,1,12
466,2023-02-01,2023-02-01,4,0,0
466,2023-02-01,2023-02-01,5,1,7
466,2023-02-01,2023-02-01,6,1,14
466,2023-02-01,2023-02-01,7,0,0
466,2023-02-01,2023-02-01,8,1,11
467,2023-06-01,2023-06-01,0,1,9
467,2023-06-01,2023-06-01,1,1,13
467,2023-06-01,2023-06-01,2,1,15
467,2023-06-01,2023-06-01,3,1,7
467,2023-06-01,2023-06-01,4,1,10
468,2023-02-01,2023-02-01,0,1,8
468,2023-02-01,2023-02-01,1,1,13
468,2023-02-01,2023-02-01,2,1,11
468,2023-02-01,2023-02-01,3,0,0
468,2023-02-01,2023-02-01,4,0,0
468,2023-02-01,2023-02-01,5,1,6
468,2023-02-01,2023-02-01,6,0,0
468,2023-02-01,2023-02-01,7,0,0
468,2023-02-01,2023-02-01,8,0,0
469,2023-10-01,2023-10-01,0,1,9
470,2023-08-01,2023-08-01,0,1,7
470,2023-08-01,2023-08-01,1,1,8
470,2023-08-01,2023-08-01,2,1,5
471,2023-09-01,2023-09-01,0,1,6
471,2023-09-01,2023-09-01,1,1,10
472,2023-05-01,2023-05-01,0,1,15
472,2023-05-01,2023-05-01,1,1,10
472,2023-05-01,2023-05-01,2,1,12
472,2023-05-01,2023-05-01,3,1,4
472,2023-05-01,2023-05-01,4,0,0
472,2023-05-01,2023-05-01,5,1,7
473,2023-05-01,2023-05-01,0,1,8
473,2023-05-01,2023-05-01,1,1,9
473,2023-05-01,2023-05-01,2,1,10
473,2023-05-01,2023-05-01,3,1,12
473,2023-05-01,2023-05-01,4,1,11
473,2023-05-01,2023-05-01,5,0,0
474,2023-07-01,2023-07-01,0,1,9
474,2023-07-01,2023-07-01,1,1,11
474,2023-07-01,2023-07-01,2,0,0
474,2023-07-01,2023-07-01,3,0,0
475,2023-08-01,2023-08-01,0,1,7
475,2023-08-01,2023-08-01,1,1,14
475,2023-08-01,2023-08-01,2,0,0
476,2023-09-01,2023-09-01,0,1,12
476,2023-09-01,2023-09-01,1,1,7
477,2023-01-01,2023-01-01,0,1,5
477,2023-01-01,2023-01-01,1,0,0
477,2023-01-01,2023-01-01,2,0,0
477,2023-01-01,2023-01-01,3,0,0
477,2023-01-01,2023-01-01,4,0,0
477,2023-01-01,2023-01-01,5,1,7
477,2023-01-01,2023-01-01,6,0,0
477,2023-01-01,2023-01-01,7,0,0
477,2023-01-01,2023-01-01,8,0,0
477,2023-01-01,2023-01-01,9,0,0
478,2023-07-01,2023-07-01,0,1,6
478,2023-07-01,2023-07-01,1,1,7
478,2023-07-01,2023-07-01,2,1,8
478,2023-07-01,2023-07-01,3,0,0
479,2023-02-01,2023-02-01,0,1,11
479,2023-02-01,2023-02-01,1,1,12
479,2023-02-01,2023-02-01,2,0,0
479,2023-02-01,2023-02-01,3,1,11
479,2023-02-01,2023-02-01,4,0,0
479,2023-02-01,2023-02-01,5,0,0
479,2023-02-01,2023-02-01,6,0,0
479,2023-02-01,2023-02-01,7,0,0
479,2023-02-01,2023-02-01,8,0,0
480,2023-03-01,2023-03-01,0,1,7
480,2023-03-01,2023-03-01,1,1,5
480,2023-03-01,2023-03-01,2,0,0
480,2023-03-01,2023-03-01,3,1,8
480,2023-03-01,2023-03-01,4,1,12
480,2023-03-01,2023-03-01,5,0,0
480,2023-03-01,2023-03-01,6,0,0
480,2023-03-01,2023-03-01,7,0,0
481,2023-09-01,2023-09-01,0,1,9
481,2023-09-01,2023-09-01,1,1,7
482,2023-03-01,2023-03-01,0,1,13
482,2023-03-01,2023-03-01,1,1,14
482,2023-03-01,2023-03-01,2,0,0
482,2023-03-01,2023-03-01,3,0,0
482,2023-03-01,2023-03-01,4,0,0
482,2023-03-01,2023-03-01,5,0,0
482,2023-03-01,2023-03-01,6,0,0
482,2023-03-01,2023-03-01,7,0,0
483,2023-08-01,2023-08-01,0,1,15
483,2023-08-01,2023-08-01,1,1,11
483,2023-08-01,2023-08-01,2,0,0
484,2023-05-01,2023-05-01,0,1,14
484,2023-05-01,2023-05-01,1,1,9
484,2023-05-01,2023-05-01,2,1,13
484,2023-05-01,2023-05-01,3,0,0
484,2023-05-01,2023-05-01,4,0,0
484,2023-05-01,2023-05-01,5,0,0
485,2023-03-01,2023-03-01,0,1,12
485,2023-03-01,2023-03-01,1,1,6
485,2023-03-01,2023-03-01,2,1,6
485,2023-03-01,2023-03-01,3,1,6
485,2023-03-01,2023-03-01,4,1,8
485,2023-03-01,2023-03-01,5,0,0
485,2023-03-01,2023-03-01,6,1,11
485,2023-03-01,2023-03-01,7,0,0
486,2023-04-01,2023-04-01,0,1,9
486,2023-04-01,2023-04-01,1,0,0
486,2023-04-01,2023-04-01,2,1,9
486,2023-04-01,2023-04-01,3,0,0
486,2023-04-01,2023-04-01,4,1,11
486,2023-04-01,2023-04-01,5,0,0
486,2023-04-01,2023-04-01,6,1,13
487,2023-06-01,2023-06-01,0,1,21
487,2023-06-01,2023-06-01,1,1,13
487,2023-06-01,2023-06-01,2,1,9
487,2023-06-01,2023-06-01,3,0,0
487,2023-06-01,2023-06-01,4,0,0
488,2023-08-01,2023-08-01,0,1,5
488,2023-08-01,2023-08-01,1,1,10
488,2023-08-01,2023-08-01,2,0,0
489,2023-07-01,2023-07-01,0,1,8
489,2023-07-01,2023-07-01,1,1,9
489,2023-07-01,2023-07-01,2,1,14
489,2023-07-01,2023-07-01,3,0,0
490,2023-10-01,2023-10-01,0,1,15
491,2023-09-01,2023-09-01,0,1,8
491,2023-09-01,2023-09-01,1,1,10
492,2023-08-01,2023-08-01,0,1,9
492,2023-08-01,2023-08-01,1,1,10
492,2023-08-01,2023-08-01,2,1,10
493,2023-07-01,2023-07-01,0,1,12
493,2023-07-01,2023-07-01,1,1,11
493,2023-07-01,2023-07-01,2,1,10
493,2023-07-01,2023-07-01,3,1,9
494,2023-03-01,2023-03-01,0,1,12
494,2023-03-01,2023-03-01,1,1,10
494,2023-03-01,2023-03-01,2,0,0
494,2023-03-01,2023-03-01,3,1,6
494,2023-03-01,2023-03-01,4,1,10
494,2023-03-01,2023-03-01,5,1,13
494,2023-03-01,2023-03-01,6,1,9
494,2023-03-01,2023-03-01,7,0,0
495,2023-05-01,2023-05-01,0,1,8
495,2023-05-01,2023-05-01,1,0,0
495,2023-05-01,2023-05-01,2,1,7
495,2023-05-01,2023-05-01,3,0,0
495,2023-05-01,2023-05-01,4,0,0
495,2023-05-01,2023-05-01,5,1,10
496,2023-02-01,2023-02-01,0,1,11
496,2023-02-01,2023-02-01,1,0,0
496,2023-02-01,2023-02-01,2,1,11
496,2023-02-01,2023-02-01,3,0,0
496,2023-02-01,2023-02-01,4,0,0
496,2023-02-01,2023-02-01,5,0,0
496,2023-02-01,2023-02-01,6,1,9
496,2023-02-01,2023-02-01,7,0,0
496,2023-02-01,2023-02-01,8,0,0
497,2023-04-01,2023-04-01,0,1,12
497,2023-04-01,2023-04-01,1,1,4
497,2023-04-01,2023-04-01,2,1,12
497,2023-04-01,2023-04-01,3,0,0
497,2023-04-01,2023-04-01,4,0,0
497,2023-04-01,2023-04-01,5,0,0
497,2023-04-01,2023-04-01,6,0,0
498,2023-10-01,2023-10-01,0,1,7
499,2023-05-01,2023-05-01,0,1,5
499,2023-05-01,2023-05-01,1,1,8
499,2023-05-01,2023-05-01,2,0,0
499,2023-05-01,2023-05-01,3,1,11
499,2023-05-01,2023-05-01,4,0,0
499,2023-05-01,2023-05-01,5,0,0
500,2023-02-01,2023-02-01,0,1,8
500,2023-02-01,2023-02-01,1,1,12
500,2023-02-01,2023-02-01,2,0,0
500,2023-02-01,2023-02-01,3,1,9
500,2023-02-01,2023-02-01,4,1,17
500,2023-02-01,2023-02-01,5,0,0
500,2023-02-01,2023-02-01,6,0,0
500,2023-02-01,2023-02-01,7,0,0
500,2023-02-01,2023-02-01,8,0,0
501,2023-07-01,2023-07-01,0,1,8
501,2023-07-01,2023-07-01,1,1,6
501,2023-07-01,2023-07-01,2,1,17
501,2023-07-01,2023-07-01,3,1,12
502,2023-10-01,2023-10-01,0,1,10
503,2023-09-01,2023-09-01,0,1,12
503,2023-09-01,2023-09-01,1,1,9
504,2023-03-01,2023-03-01,0,1,11
504,2023-03-01,2023-03-01,1,1,8
504,2023-03-01,2023-03-01,2,0,0
504,2023-03-01,2023-03-01,3,1,9
504,2023-03-01,2023-03-01,4,0,0
504,2023-03-01,2023-03-01,5,0,0
504,2023-03-01,2023-03-01,6,0,0
504,2023-03-01,2023-03-01,7,1,7
505,2023-05-01,2023-05-01,0,1,11
505,2023-05-01,2023-05-01,1,1,11
505,2023-05-01,2023-05-01,2,0,0
505,2023-05-01,2023-05-01,3,1,10
505,2023-05-01,2023-05-01,4,0,0
505,2023-05-01,2023-05-01,5,0,0
506,2023-06-01,2023-06-01,0,1,12
506,2023-06-01,2023-06-01,1,1,12
506,2023-06-01,2023-06-01,2,0,0
506,2023-06-01,2023-06-01,3,1,9
506,2023-06-01,2023-06-01,4,0,0
507,2023-03-01,2023-03-01,0,1,6
507,2023-03-01,2023-03-01,1,1,5
507,2023-03-01,2023-03-01,2,1,6
507,2023-03-01,2023-03-01,3,1,13
507,2023-03-01,2023-03-01,4,0,0
507,2023-03-01,2023-03-01,5,1,11
507,2023-03-01,2023-03-01,6,1,7
507,2023-03-01,2023-03-01,7,0,0
508,2023-03-01,2023-03-01,0,1,8
508,2023-03-01,2023-03-01,1,1,11
508,2023-03-01,2023-03-01,2,0,0
508,2023-03-01,2023-03-01,3,0,0
508,2023-03-01,2023-03-01,4,0,0
508,2023-03-01,2023-03-01,5,0,0
508,2023-03-01,2023-03-01,6,0,0
508,2023-03-01,2023-03-01,7,1,10
509,2023-03-01,2023-03-01,0,1,9
509,2023-03-01,2023-03-01,1,1,11
509,2023-03-01,2023-03-01,2,1,9
509,2023-03-01,2023-03-01,3,0,0
509,2023-03-01,2023-03-01,4,0,0
509,2023-03-01,2023-03-01,5,0,0
509,2023-03-01,2023-03-01,6,0,0
509,2023-03-01,2023-03-01,7,1,9
510,2023-10-01,2023-10-01,0,1,8
511,2023-08-01,2023-08-01,0,1,5
511,2023-08-01,2023-08-01,1,1,7
511,2023-08-01,2023-08-01,2,1,7
512,2023-09-01,2023-09-01,0,1,6
512,2023-09-01,2023-09-01,1,0,0
513,2023-09-01,2023-09-01,0,1,7
513,2023-09-01,2023-09-01,1,1,9
514,2023-10-01,2023-10-01,0,1,10
515,2023-02-01,2023-02-01,0,1,9
515,2023-02-01,2023-02-01,1,0,0
515,2023-02-01,2023-02-01,2,1,14
515,2023-02-01,2023-02-01,3,1,9
515,2023-02-01,2023-02-01,4,0,0
515,2023-02-01,2023-02-01,5,0,0
515,2023-02-01,2023-02-01,6,0,0
515,2023-02-01,2023-02-01,7,0,0
515,2023-02-01,2023-02-01,8,0,0
516,2023-09-01,2023-09-01,0,1,9
516,2023-09-01,2023-09-01,1,1,7
517,2023-01-01,2023-01-01,0,1,10
517,2023-01-01,2023-01-01,1,1,13
517,2023-01-01,2023-01-01,2,1,8
517,2023-01-01,2023-01-01,3,0,0
517,2023-01-01,2023-01-01,4,0,0
517,2023-01-01,2023-01-01,5,0,0
517,2023-01-01,2023-01-01,6,1,8
517,2023-01-01,2023-01-01,7,0,0
517,2023-01-01,2023-01-01,8,0,0
517,2023-01-01,2023-01-01,9,0,0
518,2023-05-01,2023-05-01,0,1,8
518,2023-05-01,2023-05-01,1,1,4
518,2023-05-01,2023-05-01,2,0,0
518,2023-05-01,2023-05-01,3,1,11
518,2023-05-01,2023-05-01,4,0,0
518,2023-05-01,2023-05-01,5,1,11
519,2023-06-01,2023-06-01,0,1,10
519,2023-06-01,2023-06-01,1,1,9
519,2023-06-01,2023-06-01,2,0,0
519,2023-06-01,2023-06-01,3,1,9
519,2023-06-01,2023-06-01,4,1,14
520,2023-04-01,2023-04-01,0,1,10
520,2023-04-01,2023-04-01,1,1,9
520,2023-04-01,2023-04-01,2,0,0
520,2023-04-01,2023-04-01,3,0,0
520,2023-04-01,2023-04-01,4,0,0
520,2023-04-01,2023-04-01,5,0,0
520,2023-04-01,2023-04-01,6,0,0
521,2023-02-01,2023-02-01,0,1,7
521,2023-02-01,2023-02-01,1,1,9
521,2023-02-01,2023-02-01,2,1,12
521,2023-02-01,2023-02-01,3,1,12
521,2023-02-01,2023-02-01,4,0,0
521,2023-02-01,2023-02-01,5,1,7
521,2023-02-01,2023-02-01,6,0,0
521,2023-02-01,2023-02-01,7,0,0
521,2023-02-01,2023-02-01,8,0,0
522,2023-02-01,2023-02-01,0,1,9
522,2023-02-01,2023-02-01,1,1,10
522,2023-02-01,2023-02-01,2,1,10
522,2023-02-01,2023-02-01,3,1,9
522,2023-02-01,2023-02-01,4,0,0
522,2023-02-01,2023-02-01,5,1,15
522,2023-02-01,2023-02-01,6,0,0
522,2023-02-01,2023-02-01,7,0,0
522,2023-02-01,2023-02-01,8,0,0
523,2023-09-01,2023-09-01,0,1,9
523,2023-09-01,2023-09-01,1,1,7
524,2023-04-01,2023-04-01,0,1,6
524,2023-04-01,2023-04-01,1,1,8
524,2023-04-01,2023-04-01,2,1,12
524,2023-04-01,2023-04-01,3,0,0
524,2023-04-01,2023-04-01,4,0,0
524,2023-04-01,2023-04-01,5,0,0
524,2023-04-01,2023-04-01,6,1,11
525,2023-04-01,2023-04-01,0,1,10
525,2023-04-01,2023-04-01,1,1,11
525,2023-04-01,2023-04-01,2,1,11
525,2023-04-01,2023-04-01,3,1,12
525,2023-04-01,2023-04-01,4,0,0
525,2023-04-01,2023-04-01,5,0,0
525,2023-04-01,2023-04-01,6,0,0
526,2023-10-01,2023-10-01,0,1,10
527,2023-02-01,2023-02-01,0,1,12
527,2023-02-01,2023-02-01,1,0,0
527,2023-02-01,2023-02-01,2,0,0
527,2023-02-01,2023-02-01,3,0,0
527,2023-02-01,2023-02-01,4,1,8
527,2023-02-01,2023-02-01,5,0,0
527,2023-02-01,2023-02-01,6,0,0
527,2023-02-01,2023-02-01,7,0,0
527,2023-02-01,2023-02-01,8,0,0
528,2023-10-01,2023-10-01,0,1,9
529,2023-10-01,2023-10-01,0,1,10
530,2023-06-01,2023-06-01,0,1,11
530,2023-06-01,2023-06-01,1,1,13
530,2023-06-01,2023-06-01,2,1,14
530,2023-06-01,2023-06-01,3,1,11
530,2023-06-01,2023-06-01,4,0,0
531,2023-02-01,2023-02-01,0,1,14
531,2023-02-01,2023-02-01,1,1,15
531,2023-02-01,2023-02-01,2,0,0
531,2023-02-01,2023-02-01,3,1,13
531,2023-02-01,2023-02-01,4,0,0
531,2023-02-01,2023-02-01,5,0,0
531,2023-02-01,2023-02-01,6,0,0
531,2023-02-01,2023-02-01,7,0,0
531,2023-02-01,2023-02-01,8,0,0
532,2023-02-01,2023-02-01,0,1,15
532,2023-02-01,2023-02-01,1,1,15
532,2023-02-01,2023-02-01,2,0,0
532,2023-02-01,2023-02-01,3,1,13
532,2023-02-01,2023-02-01,4,1,11
532,2023-02-01,2023-02-01,5,0,0
532,2023-02-01,2023-02-01,6,0,0
532,2023-02-01,2023-02-01,7,0,0
532,2023-02-01,2023-02-01,8,0,0
533,2023-03-01,2023-03-01,0,1,13
533,2023-03-01,2023-03-01,1,1,7
533,2023-03-01,2023-03-01,2,0,0
533,2023-03-01,2023-03-01,3,1,6
533,2023-03-01,2023-03-01,4,1,12
533,2023-03-01,2023-03-01,5,1,11
533,2023-03-01,2023-03-01,6,0,0
533,2023-03-01,2023-03-01,7,1,10
534,2023-06-01,2023-06-01,0,1,9
534,2023-06-01,2023-06-01,1,1,6
534,2023-06-01,2023-06-01,2,1,8
534,2023-06-01,2023-06-01,3,1,8
534,2023-06-01,2023-06-01,4,1,19
535,2023-02-01,2023-02-01,0,1,8
535,2023-02-01,2023-02-01,1,0,0
535,2023-02-01,2023-02-01,2,1,9
535,2023-02-01,2023-02-01,3,0,0
535,2023-02-01,2023-02-01,4,0,0
535,2023-02-01,2023-02-01,5,1,9
535,2023-02-01,2023-02-01,6,0,0
535,2023-02-01,2023-02-01,7,1,11
535,2023-02-01,2023-02-01,8,0,0
536,2023-05-01,2023-05-01,0,1,15
536,2023-05-01,2023-05-01,1,1,14
536,2023-05-01,2023-05-01,2,0,0
536,2023-05-01,2023-05-01,3,1,8
536,2023-05-01,2023-05-01,4,0,0
536,2023-05-01,2023-05-01,5,0,0
537,2023-02-01,2023-02-01,0,1,2
537,2023-02-01,2023-02-01,1,1,11
537,2023-02-01,2023-02-01,2,1,12
537,2023-02-01,2023-02-01,3,0,0
537,2023-02-01,2023-02-01,4,1,10
537,2023-02-01,2023-02-01,5,1,13
537,2023-02-01,2023-02-01,6,0,0
537,2023-02-01,2023-02-01,7,0,0
537,2023-02-01,2023-02-01,8,0,0
538,2023-06-01,2023-06-01,0,1,8
538,2023-06-01,2023-06-01,1,1,13
538,2023-06-01,2023-06-01,2,0,0
538,2023-06-01,2023-06-01,3,0,0
538,2023-06-01,2023-06-01,4,1,9
539,2023-01-01,2023-01-01,0,1,9
539,2023-01-01,2023-01-01,1,1,4
539,2023-01-01,2023-01-01,2,1,10
539,2023-01-01,2023-01-01,3,0,0
539,2023-01-01,2023-01-01,4,0,0
539,2023-01-01,2023-01-01,5,0,0
539,2023-01-01,2023-01-01,6,0,0
539,2023-01-01,2023-01-01,7,0,0
539,2023-01-01,2023-01-01,8,0,0
539,2023-01-01,2023-01-01,9,0,0
540,2023-08-01,2023-08-01,0,1,15
540,2023-08-01,2023-08-01,1,1,10
540,2023-08-01,2023-08-01,2,0,0
541,2023-01-01,2023-01-01,0,1,10
541,2023-01-01,2023-01-01,1,0,0
541,2023-01-01,2023-01-01,2,1,11
541,2023-01-01,2023-01-01,3,0,0
541,2023-01-01,2023-01-01,4,1,12
541,2023-01-01,2023-01-01,5,0,0
541,2023-01-01,2023-01-01,6,0,0
541,2023-01-01,2023-01-01,7,0,0
541,2023-01-01,2023-01-01,8,0,0
541,2023-01-01,2023-01-01,9,0,0
542,2023-02-01,2023-02-01,0,1,10
542,2023-02-01,2023-02-01,1,0,0
542,2023-02-01,2023-02-01,2,0,0
542,2023-02-01,2023-02-01,3,0,0
542,2023-02-01,2023-02-01,4,0,0
542,2023-02-01,2023-02-01,5,1,6
542,2023-02-01,2023-02-01,6,1,12
542,2023-02-01,2023-02-01,7,0,0
542,2023-02-01,2023-02-01,8,0,0
543,2023-02-01,2023-02-01,0,1,5
543,2023-02-01,2023-02-01,1,1,13
543,2023-02-01,2023-02-01,2,0,0
543,2023-02-01,2023-02-01,3,0,0
543,2023-02-01,2023-02-01,4,1,11
543,2023-02-01,2023-02-01,5,0,0
543,2023-02-01,2023-02-01,6,0,0
543,2023-02-01,2023-02-01,7,0,0
543,2023-02-01,2023-02-01,8,0,0
544,2023-09-01,2023-09-01,0,1,9
544,2023-09-01,2023-09-01,1,1,10
545,2023-01-01,2023-01-01,0,1,13
545,2023-01-01,2023-01-01,1,1,10
545,2023-01-01,2023-01-01,2,0,0
545,2023-01-01,2023-01-01,3,1,17
545,2023-01-01,2023-01-01,4,0,0
545,2023-01-01,2023-01-01,5,0,0
545,2023-01-01,2023-01-01,6,0,0
545,2023-01-01,2023-01-01,7,0,0
545,2023-01-01,2023-01-01,8,0,0
545,2023-01-01,2023-01-01,9,0,0
546,2023-05-01,2023-05-01,0,1,8
546,2023-05-01,2023-05-01,1,1,10
546,2023-05-01,2023-05-01,2,0,0
546,2023-05-01,2023-05-01,3,0,0
546,2023-05-01,2023-05-01,4,1,10
546,2023-05-01,2023-05-01,5,0,0
547,2023-06-01,2023-06-01,0,1,13
547,2023-06-01,2023-06-01,1,0,0
547,2023-06-01,2023-06-01,2,0,0
547,2023-06-01,2023-06-01,3,0,0
547,2023-06-01,2023-06-01,4,1,12
548,2023-06-01,2023-06-01,0,1,10
548,2023-06-01,2023-06-01,1,0,0
548,2023-06-01,2023-06-01,2,1,12
548,2023-06-01,2023-06-01,3,0,0
548,2023-06-01,2023-06-01,4,0,0
549,2023-07-01,2023-07-01,0,1,14
549,2023-07-01,2023-07-01,1,1,11
549,2023-07-01,2023-07-01,2,0,0
549,2023-07-01,2023-07-01,3,1,12
550,2023-09-01,2023-09-01,0,1,14
550,2023-09-01,2023-09-01,1,1,8
551,2023-04-01,2023-04-01,0,1,6
551,2023-04-01,2023-04-01,1,1,9
551,2023-04-01,2023-04-01,2,0,0
551,2023-04-01,2023-04-01,3,0,0
551,2023-04-01,2023-04-01,4,0,0
551,2023-04-01,2023-04-01,5,0,0
551,2023-04-01,2023-04-01,6,0,0
552,2023-09-01,2023-09-01,0,1,18
552,2023-09-01,2023-09-01,1,1,6
553,2023-04-01,2023-04-01,0,1,17
553,2023-04-01,2023-04-01,1,1,8
553,2023-04-01,2023-04-01,2,0,0
553,2023-04-01,2023-04-01,3,0,0
553,2023-04-01,2023-04-01,4,0,0
553,2023-04-01,2023-04-01,5,1,12
553,2023-04-01,2023-04-01,6,0,0
554,2023-10-01,2023-10-01,0,1,8
555,2023-06-01,2023-06-01,0,1,15
555,2023-06-01,2023-06-01,1,0,0
555,2023-06-01,2023-06-01,2,1,8
555,2023-06-01,2023-06-01,3,0,0
555,2023-06-01,2023-06-01,4,0,0
556,2023-08-01,2023-08-01,0,1,4
556,2023-08-01,2023-08-01,1,0,0
556,2023-08-01,2023-08-01,2,1,15
557,2023-09-01,2023-09-01,0,1,10
557,2023-09-01,2023-09-01,1,0,0
558,2023-08-01,2023-08-01,0,1,9
558,2023-08-01,2023-08-01,1,1,8
558,2023-08-01,2023-08-01,2,1,4
559,2023-09-01,2023-09-01,0,1,12
559,2023-09-01,2023-09-01,1,1,9
560,2023-06-01,2023-06-01,0,1,8
560,2023-06-01,2023-06-01,1,1,14
560,2023-06-01,2023-06-01,2,1,5
560,2023-06-01,2023-06-01,3,0,0
560,2023-06-01,2023-06-01,4,0,0
561,2023-01-01,2023-01-01,0,1,10
561,2023-01-01,2023-01-01,1,1,11
561,2023-01-01,2023-01-01,2,0,0
561,2023-01-01,2023-01-01,3,0,0
561,2023-01-01,2023-01-01,4,1,11
561,2023-01-01,2023-01-01,5,0,0
561,2023-01-01,2023-01-01,6,1,8
561,2023-01-01,2023-01-01,7,0,0
561,2023-01-01,2023-01-01,8,0,0
561,2023-01-01,2023-01-01,9,0,0
562,2023-05-01,2023-05-01,0,1,9
562,2023-05-01,2023-05-01,1,1,13
562,2023-05-01,2023-05-01,2,1,13
562,2023-05-01,2023-05-01,3,1,6
562,2023-05-01,2023-05-01,4,1,9
562,2023-05-01,2023-05-01,5,0,0
563,2023-02-01,2023-02-01,0,1,16
563,2023-02-01,2023-02-01,1,1,10
563,2023-02-01,2023-02-01,2,1,9
563,2023-02-01,2023-02-01,3,0,0
563,2023-02-01,2023-02-01,4,1,10
563,2023-02-01,2023-02-01,5,0,0
563,2023-02-01,2023-02-01,6,0,0
563,2023-02-01,2023-02-01,7,0,0
563,2023-02-01,2023-02-01,8,0,0
564,2023-09-01,2023-09-01,0,1,9
564,2023-09-01,2023-09-01,1,1,11
565,2023-03-01,2023-03-01,0,1,14
565,2023-03-01,2023-03-01,1,1,6
565,2023-03-01,2023-03-01,2,1,11
565,2023-03-01,2023-03-01,3,0,0
565,2023-03-01,2023-03-01,4,0,0
565,2023-03-01,2023-03-01,5,0,0
565,2023-03-01,2023-03-01,6,0,0
565,2023-03-01,2023-03-01,7,0,0
566,2023-03-01,2023-03-01,0,1,9
566,2023-03-01,2023-03-01,1,1,7
566,2023-03-01,2023-03-01,2,0,0
566,2023-03-01,2023-03-01,3,1,9
566,2023-03-01,2023-03-01,4,1,14
566,2023-03-01,2023-03-01,5,0,0
566,2023-03-01,2023-03-01,6,0,0
566,2023-03-01,2023-03-01,7,0,0
567,2023-03-01,2023-03-01,0,1,6
567,2023-03-01,2023-03-01,1,1,8
567,2023-03-01,2023-03-01,2,1,9
567,2023-03-01,2023-03-01,3,0,0
567,2023-03-01,2023-03-01,4,0,0
567,2023-03-01,2023-03-01,5,0,0
567,2023-03-01,2023-03-01,6,0,0
567,2023-03-01,2023-03-01,7,0,0
568,2023-07-01,2023-07-01,0,1,13
568,2023-07-01,2023-07-01,1,1,11
568,2023-07-01,2023-07-01,2,1,14
568,2023-07-01,2023-07-01,3,1,14
569,2023-06-01,2023-06-01,0,1,15
569,2023-06-01,2023-06-01,1,0,0
569,2023-06-01,2023-06-01,2,0,0
569,2023-06-01,2023-06-01,3,1,7
569,2023-06-01,2023-06-01,4,0,0
570,2023-10-01,2023-10-01,0,1,12
571,2023-05-01,2023-05-01,0,1,5
571,2023-05-01,2023-05-01,1,1,12
571,2023-05-01,2023-05-01,2,0,0
571,2023-05-01,2023-05-01,3,1,7
571,2023-05-01,2023-05-01,4,1,8
571,2023-05-01,2023-05-01,5,0,0
572,2023-03-01,2023-03-01,0,1,10
572,2023-03-01,2023-03-01,1,1,10
572,2023-03-01,2023-03-01,2,1,11
572,2023-03-01,2023-03-01,3,0,0
572,2023-03-01,2023-03-01,4,1,9
572,2023-03-01,2023-03-01,5,0,0
572,2023-03-01,2023-03-01,6,1,8
572,2023-03-01,2023-03-01,7,0,0
573,2023-01-01,2023-01-01,0,1,11
573,2023-01-01,2023-01-01,1,1,10
573,2023-01-01,2023-01-01,2,1,10
573,2023-01-01,2023-01-01,3,1,8
573,2023-01-01,2023-01-01,4,1,7
573,2023-01-01,2023-01-01,5,0,0
573,2023-01-01,2023-01-01,6,1,12
573,2023-01-01,2023-01-01,7,0,0
573,2023-01-01,2023-01-01,8,0,0
573,2023-01-01,2023-01-01,9,0,0
574,2023-01-01,2023-01-01,0,1,7
574,2023-01-01,2023-01-01,1,1,8
574,2023-01-01,2023-01-01,2,0,0
574,2023-01-01,2023-01-01,3,0,0
574,2023-01-01,2023-01-01,4,0,0
574,2023-01-01,2023-01-01,5,0,0
574,2023-01-01,2023-01-01,6,0,0
574,2023-01-01,2023-01-01,7,0,0
574,2023-01-01,2023-01-01,8,0,0
574,2023-01-01,2023-01-01,9,0,0
575,2023-04-01,2023-04-01,0,1,12
575,2023-04-01,2023-04-01,1,1,11
575,2023-04-01,2023-04-01,2,0,0
575,2023-04-01,2023-04-01,3,1,7
575,2023-04-01,2023-04-01,4,1,12
575,2023-04-01,2023-04-01,5,0,0
575,2023-04-01,2023-04-01,6,0,0
576,2023-10-01,2023-10-01,0,1,10
577,2023-06-01,2023-06-01,0,1,10
577,2023-06-01,2023-06-01,1,1,11
577,2023-06-01,2023-06-01,2,0,0
577,2023-06-01,2023-06-01,3,0,0
577,2023-06-01,2023-06-01,4,0,0
578,2023-09-01,2023-09-01,0,1,5
578,2023-09-01,2023-09-01,1,0,0
579,2023-02-01,2023-02-01,0,1,11
579,2023-02-01,2023-02-01,1,1,17
579,2023-02-01,2023-02-01,2,0,0
579,2023-02-01,2023-02-01,3,0,0
579,2023-02-01,2023-02-01,4,1,4
579,2023-02-01,2023-02-01,5,0,0
579,2023-02-01,2023-02-01,6,0,0
579,2023-02-01,2023-02-01,7,0,0
579,2023-02-01,2023-02-01,8,0,0
580,2023-01-01,2023-01-01,0,1,10
580,2023-01-01,2023-01-01,1,0,0
580,2023-01-01,2023-01-01,2,0,0
580,2023-01-01,2023-01-01,3,0,0
580,2023-01-01,2023-01-01,4,1,11
580,2023-01-01,2023-01-01,5,1,8
580,2023-01-01,2023-01-01,6,0,0
580,2023-01-01,2023-01-01,7,1,7
580,2023-01-01,2023-01-01,8,0,0
580,2023-01-01,2023-01-01,9,0,0
581,2023-09-01,2023-09-01,0,1,6
581,2023-09-01,2023-09-01,1,1,14
582,2023-02-01,2023-02-01,0,1,16
582,2023-02-01,2023-02-01,1,1,9
582,2023-02-01,2023-02-01,2,1,14
582,2023-02-01,2023-02-01,3,0,0
582,2023-02-01,2023-02-01,4,0,0
582,2023-02-01,2023-02-01,5,0,0
582,2023-02-01,2023-02-01,6,0,0
582,2023-02-01,2023-02-01,7,0,0
582,2023-02-01,2023-02-01,8,0,0
583,2023-01-01,2023-01-01,0,1,4
583,2023-01-01,2023-01-01,1,1,8
583,2023-01-01,2023-01-01,2,0,0
583,2023-01-01,2023-01-01,3,0,0
583,2023-01-01,2023-01-01,4,0,0
583,2023-01-01,2023-01-01,5,0,0
583,2023-01-01,2023-01-01,6,0,0
583,2023-01-01,2023-01-01,7,0,0
583,2023-01-01,2023-01-01,8,0,0
583,2023-01-01,2023-01-01,9,0,0
584,2023-05-01,2023-05-01,0,1,9
584,2023-05-01,2023-05-01,1,1,11
584,2023-05-01,2023-05-01,2,1,12
584,2023-05-01,2023-05-01,3,0,0
584,2023-05-01,2023-05-01,4,0,0
584,2023-05-01,2023-05-01,5,1,6
585,2023-10-01,2023-10-01,0,1,12
586,2023-07-01,2023-07-01,0,1,10
586,2023-07-01,2023-07-01,1,0,0
586,2023-07-01,2023-07-01,2,0,0
586,2023-07-01,2023-07-01,3,1,6
587,2023-01-01,2023-01-01,0,1,9
587,2023-01-01,2023-01-01,1,1,13
587,2023-01-01,2023-01-01,2,1,14
587,2023-01-01,2023-01-01,3,1,3
587,2023-01-01,2023-01-01,4,0,0
587,2023-01-01,2023-01-01,5,0,0
587,2023-01-01,2023-01-01,6,0,0
587,2023-01-01,2023-01-01,7,1,8
587,2023-01-01,2023-01-01,8,0,0
587,2023-01-01,2023-01-01,9,0,0
588,2023-09-01,2023-09-01,0,1,10
588,2023-09-01,2023-09-01,1,1,12
589,2023-09-01,2023-09-01,0,1,9
589,2023-09-01,2023-09-01,1,1,8
590,2023-09-01,2023-09-01,0,1,7
590,2023-09-01,2023-09-01,1,1,9
591,2023-10-01,2023-10-01,0,1,10
592,2023-03-01,2023-03-01,0,1,11
592,2023-03-01,2023-03-01,1,1,11
592,2023-03-01,2023-03-01,2,0,0
592,2023-03-01,2023-03-01,3,1,9
592,2023-03-01,2023-03-01,4,0,0
592,2023-03-01,2023-03-01,5,1,6
592,2023-03-01,2023-03-01,6,1,7
592,2023-03-01,2023-03-01,7,1,10
593,2023-10-01,2023-10-01,0,1,9
594,2023-04-01,2023-04-01,0,1,15
594,2023-04-01,2023-04-01,1,1,11
594,2023-04-01,2023-04-01,2,0,0
594,2023-04-01,2023-04-01,3,1,14
594,2023-04-01,2023-04-01,4,0,0
594,2023-04-01,2023-04-01,5,0,0
594,2023-04-01,2023-04-01,6,0,0
595,2023-09-01,2023-09-01,0,1,16
595,2023-09-01,2023-09-01,1,0,0
596,2023-06-01,2023-06-01,0,1,9
596,2023-06-01,2023-06-01,1,1,9
596,2023-06-01,2023-06-01,2,0,0
596,2023-06-01,2023-06-01,3,0,0
596,2023-06-01,2023-06-01,4,1,10
597,2023-08-01,2023-08-01,0,1,11
597,2023-08-01,2023-08-01,1,1,6
597,2023-08-01,2023-08-01,2,1,6
598,2023-07-01,2023-07-01,0,1,5
598,2023-07-01,2023-07-01,1,0,0
598,2023-07-01,2023-07-01,2,0,0
598,2023-07-01,2023-07-01,3,1,7
599,2023-07-01,2023-07-01,0,1,12
599,2023-07-01,2023-07-01,1,1,11
599,2023-07-01,2023-07-01,2,0,0
599,2023-07-01,2023-07-01,3,1,12
600,2023-07-01,2023-07-01,0,1,16
600,2023-07-01,2023-07-01,1,1,9
600,2023-07-01,2023-07-01,2,1,11
600,2023-07-01,2023-07-01,3,0,0
601,2023-08-01,2023-08-01,0,1,16
601,2023-08-01,2023-08-01,1,1,12
601,2023-08-01,2023-08-01,2,1,7
602,2023-08-01,2023-08-01,0,1,10
602,2023-08-01,2023-08-01,1,1,8
602,2023-08-01,2023-08-01,2,0,0
603,2023-02-01,2023-02-01,0,1,8
603,2023-02-01,2023-02-01,1,1,11
603,2023-02-01,2023-02-01,2,0,0
603,2023-02-01,2023-02-01,3,1,5
603,2023-02-01,2023-02-01,4,0,0
603,2023-02-01,2023-02-01,5,0,0
603,2023-02-01,2023-02-01,6,1,14
603,2023-02-01,2023-02-01,7,0,0
603,2023-02-01,2023-02-01,8,0,0
604,2023-09-01,2023-09-01,0,1,9
604,2023-09-01,2023-09-01,1,1,7
605,2023-06-01,2023-06-01,0,1,12
605,2023-06-01,2023-06-01,1,1,7
605,2023-06-01,2023-06-01,2,1,12
605,2023-06-01,2023-06-01,3,1,11
605,2023-06-01,2023-06-01,4,0,0
606,2023-04-01,2023-04-01,0,1,9
606,2023-04-01,2023-04-01,1,1,10
606,2023-04-01,2023-04-01,2,1,16
606,2023-04-01,2023-04-01,3,0,0
606,2023-04-01,2023-04-01,4,0,0
606,2023-04-01,2023-04-01,5,1,15
606,2023-04-01,2023-04-01,6,0,0
607,2023-06-01,2023-06-01,0,1,7
607,2023-06-01,2023-06-01,1,1,7
607,2023-06-01,2023-06-01,2,0,0
607,2023-06-01,2023-06-01,3,0,0
607,2023-06-01,2023-06-01,4,0,0
608,2023-10-01,2023-10-01,0,1,8
609,2023-09-01,2023-09-01,0,1,18
609,2023-09-01,2023-09-01,1,1,12
610,2023-09-01,2023-09-01,0,1,7
610,2023-09-01,2023-09-01,1,1,11
611,2023-05-01,2023-05-01,0,1,13
611,2023-05-01,2023-05-01,1,1,8
611,2023-05-01,2023-05-01,2,1,11
611,2023-05-01,2023-05-01,3,0,0
611,2023-05-01,2023-05-01,4,1,10
611,2023-05-01,2023-05-01,5,0,0
612,2023-08-01,2023-08-01,0,1,16
612,2023-08-01,2023-08-01,1,1,4
612,2023-08-01,2023-08-01,2,0,0
613,2023-04-01,2023-04-01,0,1,9
613,2023-04-01,2023-04-01,1,1,7
613,2023-04-01,2023-04-01,2,0,0
613,2023-04-01,2023-04-01,3,1,11
613,2023-04-01,2023-04-01,4,0,0
613,2023-04-01,2023-04-01,5,1,16
613,2023-04-01,2023-04-01,6,1,16
614,2023-07-01,2023-07-01,0,1,12
614,2023-07-01,2023-07-01,1,1,12
614,2023-07-01,2023-07-01,2,1,9
614,2023-07-01,2023-07-01,3,1,8
615,2023-07-01,2023-07-01,0,1,11
615,2023-07-01,2023-07-01,1,1,5
615,2023-07-01,2023-07-01,2,1,15
615,2023-07-01,2023-07-01,3,0,0
616,2023-03-01,2023-03-01,0,1,10
616,2023-03-01,2023-03-01,1,1,9
616,2023-03-01,2023-03-01,2,0,0
616,2023-03-01,2023-03-01,3,0,0
616,2023-03-01,2023-03-01,4,0,0
616,2023-03-01,2023-03-01,5,0,0
616,2023-03-01,2023-03-01,6,0,0
616,2023-03-01,2023-03-01,7,0,0
617,2023-03-01,2023-03-01,0,1,10
617,2023-03-01,2023-03-01,1,0,0
617,2023-03-01,2023-03-01,2,1,12
617,2023-03-01,2023-03-01,3,1,15
617,2023-03-01,2023-03-01,4,0,0
617,2023-03-01,2023-03-01,5,0,0
617,2023-03-01,2023-03-01,6,0,0
617,2023-03-01,2023-03-01,7,0,0
618,2023-01-01,2023-01-01,0,1,15
618,2023-01-01,2023-01-01,1,1,9
618,2023-01-01,2023-01-01,2,1,14
618,2023-01-01,2023-01-01,3,1,11
618,2023-01-01,2023-01-01,4,0,0
618,2023-01-01,2023-01-01,5,0,0
618,2023-01-01,2023-01-01,6,0,0
618,2023-01-01,2023-01-01,7,0,0
618,2023-01-01,2023-01-01,8,0,0
618,2023-01-01,2023-01-01,9,0,0
619,2023-02-01,2023-02-01,0,1,5
619,2023-02-01,2023-02-01,1,1,6
619,2023-02-01,2023-02-01,2,1,8
619,2023-02-01,2023-02-01,3,0,0
619,2023-02-01,2023-02-01,4,0,0
619,2023-02-01,2023-02-01,5,0,0
619,2023-02-01,2023-02-01,6,0,0
619,2023-02-01,2023-02-01,7,0,0
619,2023-02-01,2023-02-01,8,1,14
620,2023-05-01,2023-05-01,0,1,7
620,2023-05-01,2023-05-01,1,1,12
620,2023-05-01,2023-05-01,2,1,6
620,2023-05-01,2023-05-01,3,1,10
620,2023-05-01,2023-05-01,4,0,0
620,2023-05-01,2023-05-01,5,1,8
621,2023-05-01,2023-05-01,0,1,9
621,2023-05-01,2023-05-01,1,1,9
621,2023-05-01,2023-05-01,2,1,9
621,2023-05-01,2023-05-01,3,0,0
621,2023-05-01,2023-05-01,4,0,0
621,2023-05-01,2023-05-01,5,0,0
622,2023-02-01,2023-02-01,0,1,8
622,2023-02-01,2023-02-01,1,1,9
622,2023-02-01,2023-02-01,2,1,9
622,2023-02-01,2023-02-01,3,1,4
622,2023-02-01,2023-02-01,4,0,0
622,2023-02-01,2023-02-01,5,1,10
622,2023-02-01,2023-02-01,6,0,0
622,2023-02-01,2023-02-01,7,0,0
622,2023-02-01,2023-02-01,8,1,13
623,2023-05-01,2023-05-01,0,1,12
623,2023-05-01,2023-05-01,1,1,11
623,2023-05-01,2023-05-01,2,0,0
623,2023-05-01,2023-05-01,3,1,16
623,2023-05-01,2023-05-01,4,0,0
623,2023-05-01,2023-05-01,5,0,0
624,2023-07-01,2023-07-01,0,1,8
624,2023-07-01,2023-07-01,1,1,19
624,2023-07-01,2023-07-01,2,1,13
624,2023-07-01,2023-07-01,3,1,11
625,2023-03-01,2023-03-01,0,1,11
625,2023-03-01,2023-03-01,1,1,9
625,2023-03-01,2023-03-01,2,1,8
625,2023-03-01,2023-03-01,3,0,0
625,2023-03-01,2023-03-01,4,1,12
625,2023-03-01,2023-03-01,5,1,16
625,2023-03-01,2023-03-01,6,0,0
625,2023-03-01,2023-03-01,7,1,7
626,2023-04-01,2023-04-01,0,1,11
626,2023-04-01,2023-04-01,1,1,11
626,2023-04-01,2023-04-01,2,1,11
626,2023-04-01,2023-04-01,3,0,0
626,2023-04-01,2023-04-01,4,0,0
626,2023-04-01,2023-04-01,5,0,0
626,2023-04-01,2023-04-01,6,0,0
627,2023-04-01,2023-04-01,0,1,9
627,2023-04-01,2023-04-01,1,1,7
627,2023-04-01,2023-04-01,2,1,8
627,2023-04-01,2023-04-01,3,0,0
627,2023-04-01,2023-04-01,4,0,0
627,2023-04-01,2023-04-01,5,1,10
627,2023-04-01,2023-04-01,6,1,16
628,2023-06-01,2023-06-01,0,1,13
628,2023-06-01,2023-06-01,1,1,16
628,2023-06-01,2023-06-01,2,1,11
628,2023-06-01,2023-06-01,3,0,0
628,2023-06-01,2023-06-01,4,1,10
629,2023-04-01,2023-04-01,0,1,6
629,2023-04-01,2023-04-01,1,1,8
629,2023-04-01,2023-04-01,2,0,0
629,2023-04-01,2023-04-01,3,1,14
629,2023-04-01,2023-04-01,4,0,0
629,2023-04-01,2023-04-01,5,0,0
629,2023-04-01,2023-04-01,6,1,9
630,2023-08-01,2023-08-01,0,1,16
630,2023-08-01,2023-08-01,1,1,5
630,2023-08-01,2023-08-01,2,1,19
631,2023-04-01,2023-04-01,0,1,6
631,2023-04-01,2023-04-01,1,1,12
631,2023-04-01,2023-04-01,2,0,0
631,2023-04-01,2023-04-01,3,1,2
631,2023-04-01,2023-04-01,4,1,12
631,2023-04-01,2023-04-01,5,0,0
631,2023-04-01,2023-04-01,6,1,5
632,2023-05-01,2023-05-01,0,1,7
632,2023-05-01,2023-05-01,1,1,20
632,2023-05-01,2023-05-01,2,1,12
632,2023-05-01,2023-05-01,3,1,12
632,2023-05-01,2023-05-01,4,1,13
632,2023-05-01,2023-05-01,5,1,6
633,2023-04-01,2023-04-01,0,1,12
633,2023-04-01,2023-04-01,1,1,8
633,2023-04-01,2023-04-01,2,1,7
633,2023-04-01,2023-04-01,3,0,0
633,2023-04-01,2023-04-01,4,1,9
633,2023-04-01,2023-04-01,5,1,13
633,2023-04-01,2023-04-01,6,1,10
634,2023-02-01,2023-02-01,0,1,7
634,2023-02-01,2023-02-01,1,1,11
634,2023-02-01,2023-02-01,2,1,9
634,2023-02-01,2023-02-01,3,0,0
634,2023-02-01,2023-02-01,4,0,0
634,2023-02-01,2023-02-01,5,0,0
634,2023-02-01,2023-02-01,6,0,0
634,2023-02-01,2023-02-01,7,0,0
634,2023-02-01,2023-02-01,8,0,0
635,2023-07-01,2023-07-01,0,1,10
635,2023-07-01,2023-07-01,1,1,12
635,2023-07-01,2023-07-01,2,1,9
635,2023-07-01,2023-07-01,3,0,0
636,2023-03-01,2023-03-01,0,1,12
636,2023-03-01,2023-03-01,1,1,12
636,2023-03-01,2023-03-01,2,0,0
636,2023-03-01,2023-03-01,3,0,0
636,2023-03-01,2023-03-01,4,1,11
636,2023-03-01,2023-03-01,5,0,0
636,2023-03-01,2023-03-01,6,0,0
636,2023-03-01,2023-03-01,7,0,0
637,2023-03-01,2023-03-01,0,1,12
637,2023-03-01,2023-03-01,1,1,16
637,2023-03-01,2023-03-01,2,0,0
637,2023-03-01,2023-03-01,3,1,8
637,2023-03-01,2023-03-01,4,0,0
637,2023-03-01,2023-03-01,5,1,9
637,2023-03-01,2023-03-01,6,0,0
637,2023-03-01,2023-03-01,7,0,0
638,2023-08-01,2023-08-01,0,1,5
638,2023-08-01,2023-08-01,1,1,9
638,2023-08-01,2023-08-01,2,0,0
639,2023-10-01,2023-10-01,0,1,3
640,2023-07-01,2023-07-01,0,1,8
640,2023-07-01,2023-07-01,1,1,7
640,2023-07-01,2023-07-01,2,1,22
640,2023-07-01,2023-07-01,3,0,0
641,2023-10-01,2023-10-01,0,1,7
642,2023-09-01,2023-09-01,0,1,10
642,2023-09-01,2023-09-01,1,1,8
643,2023-05-01,2023-05-01,0,1,10
643,2023-05-01,2023-05-01,1,1,15
643,2023-05-01,2023-05-01,2,0,0
643,2023-05-01,2023-05-01,3,1,7
643,2023-05-01,2023-05-01,4,1,6
643,2023-05-01,2023-05-01,5,1,14
644,2023-08-01,2023-08-01,0,1,6
644,2023-08-01,2023-08-01,1,1,10
644,2023-08-01,2023-08-01,2,0,0
645,2023-04-01,2023-04-01,0,1,10
645,2023-04-01,2023-04-01,1,1,6
645,2023-04-01,2023-04-01,2,0,0
645,2023-04-01,2023-04-01,3,1,7
645,2023-04-01,2023-04-01,4,0,0
645,2023-04-01,2023-04-01,5,0,0
645,2023-04-01,2023-04-01,6,0,0
646,2023-05-01,2023-05-01,0,1,2
646,2023-05-01,2023-05-01,1,1,12
646,2023-05-01,2023-05-01,2,1,12
646,2023-05-01,2023-05-01,3,0,0
646,2023-05-01,2023-05-01,4,0,0
646,2023-05-01,2023-05-01,5,0,0
647,2023-06-01,2023-06-01,0,1,10
647,2023-06-01,2023-06-01,1,1,10
647,2023-06-01,2023-06-01,2,1,6
647,2023-06-01,2023-06-01,3,0,0
647,2023-06-01,2023-06-01,4,0,0
648,2023-10-01,2023-10-01,0,1,9
649,2023-09-01,2023-09-01,0,1,13
649,2023-09-01,2023-09-01,1,1,8
650,2023-05-01,2023-05-01,0,1,11
650,2023-05-01,2023-05-01,1,1,11
650,2023-05-01,2023-05-01,2,1,10
650,2023-05-01,2023-05-01,3,0,0
650,2023-05-01,2023-05-01,4,1,13
650,2023-05-01,2023-05-01,5,0,0
651,2023-07-01,2023-07-01,0,1,8
651,2023-07-01,2023-07-01,1,1,7
651,2023-07-01,2023-07-01,2,0,0
651,2023-07-01,2023-07-01,3,0,0
652,2023-03-01,2023-03-01,0,1,12
652,2023-03-01,2023-03-01,1,1,11
652,2023-03-01,2023-03-01,2,0,0
652,2023-03-01,2023-03-01,3,1,12
652,2023-03-01,2023-03-01,4,0,0
652,2023-03-01,2023-03-01,5,1,14
652,2023-03-01,2023-03-01,6,0,0
652,2023-03-01,2023-03-01,7,0,0
653,2023-09-01,2023-09-01,0,1,18
653,2023-09-01,2023-09-01,1,1,7
654,2023-06-01,2023-06-01,0,1,12
654,2023-06-01,2023-06-01,1,1,8
654,2023-06-01,2023-06-01,2,1,11
654,2023-06-01,2023-06-01,3,1,6
654,2023-06-01,2023-06-01,4,0,0
655,2023-06-01,2023-06-01,0,1,8
655,2023-06-01,2023-06-01,1,1,13
655,2023-06-01,2023-06-01,2,0,0
655,2023-06-01,2023-06-01,3,1,17
655,2023-06-01,2023-06-01,4,1,15
656,2023-08-01,2023-08-01,0,1,9
656,2023-08-01,2023-08-01,1,1,4
656,2023-08-01,2023-08-01,2,0,0
657,2023-07-01,2023-07-01,0,1,11
657,2023-07-01,2023-07-01,1,0,0
657,2023-07-01,2023-07-01,2,1,12
657,2023-07-01,2023-07-01,3,1,6
658,2023-01-01,2023-01-01,0,1,6
658,2023-01-01,2023-01-01,1,1,11
658,2023-01-01,2023-01-01,2,1,9
658,2023-01-01,2023-01-01,3,0,0
658,2023-01-01,2023-01-01,4,0,0
658,2023-01-01,2023-01-01,5,0,0
658,2023-01-01,2023-01-01,6,0,0
658,2023-01-01,2023-01-01,7,1,17
658,2023-01-01,2023-01-01,8,0,0
658,2023-01-01,2023-01-01,9,0,0
659,2023-03-01,2023-03-01,0,1,9
659,2023-03-01,2023-03-01,1,1,4
659,2023-03-01,2023-03-01,2,0,0
659,2023-03-01,2023-03-01,3,0,0
659,2023-03-01,2023-03-01,4,0,0
659,2023-03-01,2023-03-01,5,0,0
659,2023-03-01,2023-03-01,6,0,0
659,2023-03-01,2023-03-01,7,1,14
660,2023-02-01,2023-02-01,0,1,6
660,2023-02-01,2023-02-01,1,1,16
660,2023-02-01,2023-02-01,2,0,0
660,2023-02-01,2023-02-01,3,0,0
660,2023-02-01,2023-02-01,4,0,0
660,2023-02-01,2023-02-01,5,0,0
660,2023-02-01,2023-02-01,6,0,0
660,2023-02-01,2023-02-01,7,0,0
660,2023-02-01,2023-02-01,8,0,0
661,2023-08-01,2023-08-01,0,1,13
661,2023-08-01,2023-08-01,1,1,6
661,2023-08-01,2023-08-01,2,0,0
662,2023-01-01,2023-01-01,0,1,8
662,2023-01-01,2023-01-01,1,1,7
662,2023-01-01,2023-01-01,2,1,9
662,2023-01-01,2023-01-01,3,0,0
662,2023-01-01,2023-01-01,4,0,0
662,2023-01-01,2023-01-01,5,0,0
662,2023-01-01,2023-01-01,6,0,0
662,2023-01-01,2023-01-01,7,0,0
662,2023-01-01,2023-01-01,8,0,0
662,2023-01-01,2023-01-01,9,0,0
663,2023-03-01,2023-03-01,0,1,12
663,2023-03-01,2023-03-01,1,1,9
663,2023-03-01,2023-03-01,2,1,18
663,2023-03-01,2023-03-01,3,0,0
663,2023-03-01,2023-03-01,4,0,0
663,2023-03-01,2023-03-01,5,0,0
663,2023-03-01,2023-03-01,6,0,0
663,2023-03-01,2023-03-01,7,1,7
664,2023-06-01,2023-06-01,0,1,6
664,2023-06-01,2023-06-01,1,0,0
664,2023-06-01,2023-06-01,2,1,9
664,2023-06-01,2023-06-01,3,0,0
664,2023-06-01,2023-06-01,4,0,0
665,2023-07-01,2023-07-01,0,1,10
665,2023-07-01,2023-07-01,1,1,11
665,2023-07-01,2023-07-01,2,1,7
665,2023-07-01,2023-07-01,3,1,10
666,2023-06-01,2023-06-01,0,1,6
666,2023-06-01,2023-06-01,1,1,15
666,2023-06-01,2023-06-01,2,1,9
666,2023-06-01,2023-06-01,3,0,0
666,2023-06-01,2023-06-01,4,0,0
667,2023-09-01,2023-09-01,0,1,4
667,2023-09-01,2023-09-01,1,1,12
668,2023-10-01,2023-10-01,0,1,10
669,2023-02-01,2023-02-01,0,1,11
669,2023-02-01,2023-02-01,1,1,12
669,2023-02-01,2023-02-01,2,1,14
669,2023-02-01,2023-02-01,3,0,0
669,2023-02-01,2023-02-01,4,0,0
669,2023-02-01,2023-02-01,5,0,0
669,2023-02-01,2023-02-01,6,1,14
669,2023-02-01,2023-02-01,7,1,7
669,2023-02-01,2023-02-01,8,0,0
670,2023-10-01,2023-10-01,0,1,5
671,2023-07-01,2023-07-01,0,1,12
671,2023-07-01,2023-07-01,1,1,9
671,2023-07-01,2023-07-01,2,1,15
671,2023-07-01,2023-07-01,3,1,10
672,2023-07-01,2023-07-01,0,1,13
672,2023-07-01,2023-07-01,1,0,0
672,2023-07-01,2023-07-01,2,0,0
672,2023-07-01,2023-07-01,3,1,9
673,2023-01-01,2023-01-01,0,1,10
673,2023-01-01,2023-01-01,1,1,11
673,2023-01-01,2023-01-01,2,0,0
673,2023-01-01,2023-01-01,3,0,0
673,2023-01-01,2023-01-01,4,0,0
673,2023-01-01,2023-01-01,5,0,0
673,2023-01-01,2023-01-01,6,0,0
673,2023-01-01,2023-01-01,7,0,0
673,2023-01-01,2023-01-01,8,0,0
673,2023-01-01,2023-01-01,9,0,0
674,2023-07-01,2023-07-01,0,1,9
674,2023-07-01,2023-07-01,1,1,15
674,2023-07-01,2023-07-01,2,1,16
674,2023-07-01,2023-07-01,3,1,10
675,2023-08-01,2023-08-01,0,1,7
675,2023-08-01,2023-08-01,1,1,11
675,2023-08-01,2023-08-01,2,0,0
676,2023-06-01,2023-06-01,0,1,7
676,2023-06-01,2023-06-01,1,1,12
676,2023-06-01,2023-06-01,2,0,0
676,2023-06-01,2023-06-01,3,1,12
676,2023-06-01,2023-06-01,4,0,0
677,2023-01-01,2023-01-01,0,1,10
677,2023-01-01,2023-01-01,1,0,0
677,2023-01-01,2023-01-01,2,0,0
677,2023-01-01,2023-01-01,3,0,0
677,2023-01-01,2023-01-01,4,0,0
677,2023-01-01,2023-01-01,5,0,0
677,2023-01-01,2023-01-01,6,1,10
677,2023-01-01,2023-01-01,7,0,0
677,2023-01-01,2023-01-01,8,0,0
677,2023-01-01,2023-01-01,9,0,0
678,2023-06-01,2023-06-01,0,1,7
678,2023-06-01,2023-06-01,1,1,10
678,2023-06-01,2023-06-01,2,1,19
678,2023-06-01,2023-06-01,3,0,0
678,2023-06-01,2023-06-01,4,0,0
679,2023-10-01,2023-10-01,0,1,12
680,2023-08-01,2023-08-01,0,1,12
680,2023-08-01,2023-08-01,1,1,13
680,2023-08-01,2023-08-01,2,1,9
681,2023-02-01,2023-02-01,0,1,10
681,2023-02-01,2023-02-01,1,1,6
681,2023-02-01,2023-02-01,2,1,14
681,2023-02-01,2023-02-01,3,1,14
681,2023-02-01,2023-02-01,4,1,18
681,2023-02-01,2023-02-01,5,0,0
681,2023-02-01,2023-02-01,6,0,0
681,2023-02-01,2023-02-01,7,0,0
681,2023-02-01,2023-02-01,8,0,0
682,2023-10-01,2023-10-01,0,1,12
683,2023-10-01,2023-10-01,0,1,11
684,2023-02-01,2023-02-01,0,1,12
684,2023-02-01,2023-02-01,1,1,8
684,2023-02-01,2023-02-01,2,1,16
684,2023-02-01,2023-02-01,3,1,7
684,2023-02-01,2023-02-01,4,0,0
684,2023-02-01,2023-02-01,5,0,0
684,2023-02-01,2023-02-01,6,0,0
684,2023-02-01,2023-02-01,7,0,0
684,2023-02-01,2023-02-01,8,0,0
685,2023-09-01,2023-09-01,0,1,15
685,2023-09-01,2023-09-01,1,0,0
686,2023-05-01,2023-05-01,0,1,7
686,2023-05-01,2023-05-01,1,1,14
686,2023-05-01,2023-05-01,2,1,10
686,2023-05-01,2023-05-01,3,1,6
686,2023-05-01,2023-05-01,4,0,0
686,2023-05-01,2023-05-01,5,0,0
687,2023-06-01,2023-06-01,0,1,12
687,2023-06-01,2023-06-01,1,1,10
687,2023-06-01,2023-06-01,2,1,5
687,2023-06-01,2023-06-01,3,1,12
687,2023-06-01,2023-06-01,4,1,12
688,2023-05-01,2023-05-01,0,1,8
688,2023-05-01,2023-05-01,1,1,10
688,2023-05-01,2023-05-01,2,1,7
688,2023-05-01,2023-05-01,3,0,0
688,2023-05-01,2023-05-01,4,0,0
688,2023-05-01,2023-05-01,5,1,9
689,2023-08-01,2023-08-01,0,1,11
689,2023-08-01,2023-08-01,1,1,9
689,2023-08-01,2023-08-01,2,0,0
690,2023-10-01,2023-10-01,0,1,13
691,2023-08-01,2023-08-01,0,1,8
691,2023-08-01,2023-08-01,1,0,0
691,2023-08-01,2023-08-01,2,1,13
692,2023-10-01,2023-10-01,0,1,5
693,2023-10-01,2023-10-01,0,1,9
694,2023-01-01,2023-01-01,0,1,8
694,2023-01-01,2023-01-01,1,0,0
694,2023-01-01,2023-01-01,2,0,0
694,2023-01-01,2023-01-01,3,0,0
694,2023-01-01,2023-01-01,4,0,0
694,2023-01-01,2023-01-01,5,0,0
694,2023-01-01,2023-01-01,6,0,0
694,2023-01-01,2023-01-01,7,0,0
694,2023-01-01,2023-01-01,8,0,0
694,2023-01-01,2023-01-01,9,0,0
695,2023-03-01,2023-03-01,0,1,8
695,2023-03-01,2023-03-01,1,1,13
695,2023-03-01,2023-03-01,2,1,15
695,2023-03-01,2023-03-01,3,0,0
695,2023-03-01,2023-03-01,4,1,14
695,2023-03-01,2023-03-01,5,0,0
695,2023-03-01,2023-03-01,6,0,0
695,2023-03-01,2023-03-01,7,1,15
696,2023-08-01,2023-08-01,0,1,11
696,2023-08-01,2023-08-01,1,1,3
696,2023-08-01,2023-08-01,2,1,10
697,2023-06-01,2023-06-01,0,1,10
697,2023-06-01,2023-06-01,1,1,11
697,2023-06-01,2023-06-01,2,0,0
697,2023-06-01,2023-06-01,3,0,0
697,2023-06-01,2023-06-01,4,1,12
698,2023-01-01,2023-01-01,0,1,6
698,2023-01-01,2023-01-01,1,0,0
698,2023-01-01,2023-01-01,2,1,11
698,2023-01-01,2023-01-01,3,1,9
698,2023-01-01,2023-01-01,4,0,0
698,2023-01-01,2023-01-01,5,0,0
698,2023-01-01,2023-01-01,6,0,0
698,2023-01-01,2023-01-01,7,0,0
698,2023-01-01,2023-01-01,8,1,8
698,2023-01-01,2023-01-01,9,0,0
699,2023-01-01,2023-01-01,0,1,11
699,2023-01-01,2023-01-01,1,1,14
699,2023-01-01,2023-01-01,2,1,5
699,2023-01-01,2023-01-01,3,0,0
699,2023-01-01,2023-01-01,4,0,0
699,2023-01-01,2023-01-01,5,0,0
699,2023-01-01,2023-01-01,6,0,0
699,2023-01-01,2023-01-01,7,0,0
699,2023-01-01,2023-01-01,8,0,0
699,2023-01-01,2023-01-01,9,0,0
700,2023-06-01,2023-06-01,0,1,11
700,2023-06-01,2023-06-01,1,1,11
700,2023-06-01,2023-06-01,2,1,9
700,2023-06-01,2023-06-01,3,1,8
700,2023-06-01,2023-06-01,4,0,0
701,2023-07-01,2023-07-01,0,1,14
701,2023-07-01,2023-07-01,1,1,11
701,2023-07-01,2023-07-01,2,1,12
701,2023-07-01,2023-07-01,3,1,10
702,2023-02-01,2023-02-01,0,1,12
702,2023-02-01,2023-02-01,1,1,11
702,2023-02-01,2023-02-01,2,0,0
702,2023-02-01,2023-02-01,3,0,0
702,2023-02-01,2023-02-01,4,0,0
702,2023-02-01,2023-02-01,5,0,0
702,2023-02-01,2023-02-01,6,0,0
702,2023-02-01,2023-02-01,7,0,0
702,2023-02-01,2023-02-01,8,0,0
703,2023-02-01,2023-02-01,0,1,5
703,2023-02-01,2023-02-01,1,1,11
703,2023-02-01,2023-02-01,2,1,6
703,2023-02-01,2023-02-01,3,0,0
703,2023-02-01,2023-02-01,4,0,0
703,2023-02-01,2023-02-01,5,0,0
703,2023-02-01,2023-02-01,6,0,0
703,2023-02-01,2023-02-01,7,1,10
703,2023-02-01,2023-02-01,8,1,13
704,2023-02-01,2023-02-01,0,1,14
704,2023-02-01,2023-02-01,1,1,12
704,2023-02-01,2023-02-01,2,1,12
704,2023-02-01,2023-02-01,3,1,10
704,2023-02-01,2023-02-01,4,1,11
704,2023-02-01,2023-02-01,5,0,0
704,2023-02-01,2023-02-01,6,0,0
704,2023-02-01,2023-02-01,7,0,0
704,2023-02-01,2023-02-01,8,0,0
705,2023-06-01,2023-06-01,0,1,9
705,2023-06-01,2023-06-01,1,1,14
705,2023-06-01,2023-06-01,2,1,12
705,2023-06-01,2023-06-01,3,1,3
705,2023-06-01,2023-06-01,4,0,0
706,2023-01-01,2023-01-01,0,1,7
706,2023-01-01,2023-01-01,1,1,6
706,2023-01-01,2023-01-01,2,1,14
706,2023-01-01,2023-01-01,3,0,0
706,2023-01-01,2023-01-01,4,0,0
706,2023-01-01,2023-01-01,5,0,0
706,2023-01-01,2023-01-01,6,0,0
706,2023-01-01,2023-01-01,7,0,0
706,2023-01-01,2023-01-01,8,0,0
706,2023-01-01,2023-01-01,9,0,0
707,2023-06-01,2023-06-01,0,1,10
707,2023-06-01,2023-06-01,1,1,8
707,2023-06-01,2023-06-01,2,0,0
707,2023-06-01,2023-06-01,3,1,10
707,2023-06-01,2023-06-01,4,0,0
708,2023-05-01,2023-05-01,0,1,16
708,2023-05-01,2023-05-01,1,1,12
708,2023-05-01,2023-05-01,2,0,0
708,2023-05-01,2023-05-01,3,0,0
708,2023-05-01,2023-05-01,4,0,0
708,2023-05-01,2023-05-01,5,0,0
709,2023-05-01,2023-05-01,0,1,7
709,2023-05-01,2023-05-01,1,1,10
709,2023-05-01,2023-05-01,2,1,5
709,2023-05-01,2023-05-01,3,0,0
709,2023-05-01,2023-05-01,4,0,0
709,2023-05-01,2023-05-01,5,1,10
710,2023-07-01,2023-07-01,0,1,8
710,2023-07-01,2023-07-01,1,1,11
710,2023-07-01,2023-07-01,2,0,0
710,2023-07-01,2023-07-01,3,1,15
711,2023-06-01,2023-06-01,0,1,11
711,2023-06-01,2023-06-01,1,1,4
711,2023-06-01,2023-06-01,2,1,7
711,2023-06-01,2023-06-01,3,1,11
711,2023-06-01,2023-06-01,4,0,0
712,2023-08-01,2023-08-01,0,1,11
712,2023-08-01,2023-08-01,1,1,12
712,2023-08-01,2023-08-01,2,1,9
713,2023-08-01,2023-08-01,0,1,13
713,2023-08-01,2023-08-01,1,1,14
713,2023-08-01,2023-08-01,2,0,0
714,2023-10-01,2023-10-01,0,1,11
715,2023-08-01,2023-08-01,0,1,10
715,2023-08-01,2023-08-01,1,1,10
715,2023-08-01,2023-08-01,2,1,8
716,2023-06-01,2023-06-01,0,1,9
716,2023-06-01,2023-06-01,1,1,12
716,2023-06-01,2023-06-01,2,1,17
716,2023-06-01,2023-06-01,3,1,11
716,2023-06-01,2023-06-01,4,1,12
717,2023-05-01,2023-05-01,0,1,5
717,2023-05-01,2023-05-01,1,0,0
717,2023-05-01,2023-05-01,2,1,11
717,2023-05-01,2023-05-01,3,1,12
717,2023-05-01,2023-05-01,4,0,0
717,2023-05-01,2023-05-01,5,0,0
718,2023-03-01,2023-03-01,0,1,11
718,2023-03-01,2023-03-01,1,1,13
718,2023-03-01,2023-03-01,2,1,6
718,2023-03-01,2023-03-01,3,0,0
718,2023-03-01,2023-03-01,4,1,6
718,2023-03-01,2023-03-01,5,0,0
718,2023-03-01,2023-03-01,6,0,0
718,2023-03-01,2023-03-01,7,0,0
719,2023-06-01,2023-06-01,0,1,4
719,2023-06-01,2023-06-01,1,1,8
719,2023-06-01,2023-06-01,2,1,6
719,2023-06-01,2023-06-01,3,0,0
719,2023-06-01,2023-06-01,4,1,11
720,2023-02-01,2023-02-01,0,1,10
720,2023-02-01,2023-02-01,1,1,12
720,2023-02-01,2023-02-01,2,1,7
720,2023-02-01,2023-02-01,3,0,0
720,2023-02-01,2023-02-01,4,0,0
720,2023-02-01,2023-02-01,5,1,10
720,2023-02-01,2023-02-01,6,1,9
720,2023-02-01,2023-02-01,7,0,0
720,2023-02-01,2023-02-01,8,0,0
721,2023-10-01,2023-10-01,0,1,7
722,2023-09-01,2023-09-01,0,1,9
722,2023-09-01,2023-09-01,1,0,0
723,2023-02-01,2023-02-01,0,1,11
723,2023-02-01,2023-02-01,1,1,12
723,2023-02-01,2023-02-01,2,1,7
723,2023-02-01,2023-02-01,3,1,19
723,2023-02-01,2023-02-01,4,0,0
723,2023-02-01,2023-02-01,5,0,0
723,2023-02-01,2023-02-01,6,0,0
723,2023-02-01,2023-02-01,7,0,0
723,2023-02-01,2023-02-01,8,0,0
724,2023-08-01,2023-08-01,0,1,11
724,2023-08-01,2023-08-01,1,1,10
724,2023-08-01,2023-08-01,2,1,7
725,2023-02-01,2023-02-01,0,1,6
725,2023-02-01,2023-02-01,1,1,13
725,2023-02-01,2023-02-01,2,0,0
725,2023-02-01,2023-02-01,3,1,9
725,2023-02-01,2023-02-01,4,1,8
725,2023-02-01,2023-02-01,5,0,0
725,2023-02-01,2023-02-01,6,0,0
725,2023-02-01,2023-02-01,7,1,14
725,2023-02-01,2023-02-01,8,1,16
726,2023-08-01,2023-08-01,0,1,9
726,2023-08-01,2023-08-01,1,1,12
726,2023-08-01,2023-08-01,2,1,11
727,2023-01-01,2023-01-01,0,1,18
727,2023-01-01,2023-01-01,1,0,0
727,2023-01-01,2023-01-01,2,0,0
727,2023-01-01,2023-01-01,3,1,14
727,2023-01-01,2023-01-01,4,0,0
727,2023-01-01,2023-01-01,5,0,0
727,2023-01-01,2023-01-01,6,0,0
727,2023-01-01,2023-01-01,7,0,0
727,2023-01-01,2023-01-01,8,0,0
727,2023-01-01,2023-01-01,9,0,0
728,2023-05-01,2023-05-01,0,1,9
728,2023-05-01,2023-05-01,1,1,6
728,2023-05-01,2023-05-01,2,0,0
728,2023-05-01,2023-05-01,3,0,0
728,2023-05-01,2023-05-01,4,1,8
728,2023-05-01,2023-05-01,5,0,0
729,2023-07-01,2023-07-01,0,1,13
729,2023-07-01,2023-07-01,1,1,9
729,2023-07-01,2023-07-01,2,1,8
729,2023-07-01,2023-07-01,3,1,9
730,2023-08-01,2023-08-01,0,1,13
730,2023-08-01,2023-08-01,1,1,8
730,2023-08-01,2023-08-01,2,1,6
731,2023-05-01,2023-05-01,0,1,11
731,2023-05-01,2023-05-01,1,1,11
731,2023-05-01,2023-05-01,2,1,9
731,2023-05-01,2023-05-01,3,1,14
731,2023-05-01,2023-05-01,4,1,15
731,2023-05-01,2023-05-01,5,0,0
732,2023-10-01,2023-10-01,0,1,11
733,2023-08-01,2023-08-01,0,1,12
733,2023-08-01,2023-08-01,1,0,0
733,2023-08-01,2023-08-01,2,0,0
734,2023-03-01,2023-03-01,0,1,14
734,2023-03-01,2023-03-01,1,1,8
734,2023-03-01,2023-03-01,2,1,7
734,2023-03-01,2023-03-01,3,1,5
734,2023-03-01,2023-03-01,4,1,12
734,2023-03-01,2023-03-01,5,1,5
734,2023-03-01,2023-03-01,6,0,0
734,2023-03-01,2023-03-01,7,0,0
735,2023-07-01,2023-07-01,0,1,13
735,2023-07-01,2023-07-01,1,1,12
735,2023-07-01,2023-07-01,2,1,11
735,2023-07-01,2023-07-01,3,0,0
736,2023-08-01,2023-08-01,0,1,7
736,2023-08-01,2023-08-01,1,0,0
736,2023-08-01,2023-08-01,2,0,0
737,2023-04-01,2023-04-01,0,1,7
737,2023-04-01,2023-04-01,1,0,0
737,2023-04-01,2023-04-01,2,0,0
737,2023-04-01,2023-04-01,3,0,0
737,2023-04-01,2023-04-01,4,0,0
737,2023-04-01,2023-04-01,5,0,0
737,2023-04-01,2023-04-01,6,0,0
738,2023-08-01,2023-08-01,0,1,12
738,2023-08-01,2023-08-01,1,1,14
738,2023-08-01,2023-08-01,2,0,0
739,2023-09-01,2023-09-01,0,1,9
739,2023-09-01,2023-09-01,1,1,9
740,2023-09-01,2023-09-01,0,1,6
740,2023-09-01,2023-09-01,1,0,0
741,2023-08-01,2023-08-01,0,1,9
741,2023-08-01,2023-08-01,1,1,15
741,2023-08-01,2023-08-01,2,1,9
742,2023-07-01,2023-07-01,0,1,15
742,2023-07-01,2023-07-01,1,1,10
742,2023-07-01,2023-07-01,2,0,0
742,2023-07-01,2023-07-01,3,1,10
743,2023-03-01,2023-03-01,0,1,18
743,2023-03-01,2023-03-01,1,1,7
743,2023-03-01,2023-03-01,2,0,0
743,2023-03-01,2023-03-01,3,1,14
743,2023-03-01,2023-03-01,4,0,0
743,2023-03-01,2023-03-01,5,0,0
743,2023-03-01,2023-03-01,6,0,0
743,2023-03-01,2023-03-01,7,0,0
744,2023-08-01,2023-08-01,0,1,9
744,2023-08-01,2023-08-01,1,0,0
744,2023-08-01,2023-08-01,2,0,0
745,2023-04-01,2023-04-01,0,1,12
745,2023-04-01,2023-04-01,1,1,10
745,2023-04-01,2023-04-01,2,1,4
745,2023-04-01,2023-04-01,3,0,0
745,2023-04-01,2023-04-01,4,1,11
745,2023-04-01,2023-04-01,5,0,0
745,2023-04-01,2023-04-01,6,0,0
746,2023-06-01,2023-06-01,0,1,6
746,2023-06-01,2023-06-01,1,1,6
746,2023-06-01,2023-06-01,2,0,0
746,2023-06-01,2023-06-01,3,0,0
746,2023-06-01,2023-06-01,4,1,12
747,2023-04-01,2023-04-01,0,1,11
747,2023-04-01,2023-04-01,1,0,0
747,2023-04-01,2023-04-01,2,1,10
747,2023-04-01,2023-04-01,3,1,13
747,2023-04-01,2023-04-01,4,1,7
747,2023-04-01,2023-04-01,5,0,0
747,2023-04-01,2023-04-01,6,0,0
748,2023-04-01,2023-04-01,0,1,11
748,2023-04-01,2023-04-01,1,1,13
748,2023-04-01,2023-04-01,2,1,5
748,2023-04-01,2023-04-01,3,1,7
748,2023-04-01,2023-04-01,4,0,0
748,2023-04-01,2023-04-01,5,0,0
748,2023-04-01,2023-04-01,6,0,0
749,2023-02-01,2023-02-01,0,1,7
749,2023-02-01,2023-02-01,1,1,2
749,2023-02-01,2023-02-01,2,1,12
749,2023-02-01,2023-02-01,3,1,10
749,2023-02-01,2023-02-01,4,1,10
749,2023-02-01,2023-02-01,5,1,8
749,2023-02-01,2023-02-01,6,0,0
749,2023-02-01,2023-02-01,7,0,0
749,2023-02-01,2023-02-01,8,0,0
750,2023-10-01,2023-10-01,0,1,15
751,2023-02-01,2023-02-01,0,1,13
751,2023-02-01,2023-02-01,1,1,7
751,2023-02-01,2023-02-01,2,1,13
751,2023-02-01,2023-02-01,3,1,10
751,2023-02-01,2023-02-01,4,0,0
751,2023-02-01,2023-02-01,5,0,0
751,2023-02-01,2023-02-01,6,0,0
751,2023-02-01,2023-02-01,7,0,0
751,2023-02-01,2023-02-01,8,0,0
752,2023-01-01,2023-01-01,0,1,9
752,2023-01-01,2023-01-01,1,1,10
752,2023-01-01,2023-01-01,2,0,0
752,2023-01-01,2023-01-01,3,1,8
752,2023-01-01,2023-01-01,4,0,0
752,2023-01-01,2023-01-01,5,0,0
752,2023-01-01,2023-01-01,6,1,5
752,2023-01-01,2023-01-01,7,0,0
752,2023-01-01,2023-01-01,8,0,0
752,2023-01-01,2023-01-01,9,1,11
753,2023-10-01,2023-10-01,0,1,13
754,2023-06-01,2023-06-01,0,1,8
754,2023-06-01,2023-06-01,1,1,9
754,2023-06-01,2023-06-01,2,0,0
754,2023-06-01,2023-06-01,3,0,0
754,2023-06-01,2023-06-01,4,0,0
755,2023-05-01,2023-05-01,0,1,6
755,2023-05-01,2023-05-01,1,1,12
755,2023-05-01,2023-05-01,2,0,0
755,2023-05-01,2023-05-01,3,0,0
755,2023-05-01,2023-05-01,4,0,0
755,2023-05-01,2023-05-01,5,0,0
756,2023-08-01,2023-08-01,0,1,7
756,2023-08-01,2023-08-01,1,1,10
756,2023-08-01,2023-08-01,2,0,0
757,2023-04-01,2023-04-01,0,1,16
757,2023-04-01,2023-04-01,1,1,13
757,2023-04-01,2023-04-01,2,1,6
757,2023-04-01,2023-04-01,3,0,0
757,2023-04-01,2023-04-01,4,1,7
757,2023-04-01,2023-04-01,5,1,11
757,2023-04-01,2023-04-01,6,0,0
758,2023-02-01,2023-02-01,0,1,12
758,2023-02-01,2023-02-01,1,1,16
758,2023-02-01,2023-02-01,2,1,10
758,2023-02-01,2023-02-01,3,0,0
758,2023-02-01,2023-02-01,4,0,0
758,2023-02-01,2023-02-01,5,0,0
758,2023-02-01,2023-02-01,6,0,0
758,2023-02-01,2023-02-01,7,0,0
758,2023-02-01,2023-02-01,8,0,0
759,2023-08-01,2023-08-01,0,1,11
759,2023-08-01,2023-08-01,1,1,12
759,2023-08-01,2023-08-01,2,0,0
760,2023-02-01,2023-02-01,0,1,12
760,2023-02-01,2023-02-01,1,1,6
760,2023-02-01,2023-02-01,2,1,14
760,2023-02-01,2023-02-01,3,1,4
760,2023-02-01,2023-02-01,4,1,7
760,2023-02-01,2023-02-01,5,0,0
760,2023-02-01,2023-02-01,6,1,8
760,2023-02-01,2023-02-01,7,0,0
760,2023-02-01,2023-02-01,8,0,0
761,2023-06-01,2023-06-01,0,1,10
761,2023-06-01,2023-06-01,1,1,12
761,2023-06-01,2023-06-01,2,0,0
761,2023-06-01,2023-06-01,3,0,0
761,2023-06-01,2023-06-01,4,1,11
762,2023-10-01,2023-10-01,0,1,6
763,2023-10-01,2023-10-01,0,1,12
764,2023-04-01,2023-04-01,0,1,6
764,2023-04-01,2023-04-01,1,1,12
764,2023-04-01,2023-04-01,2,1,6
764,2023-04-01,2023-04-01,3,1,13
764,2023-04-01,2023-04-01,4,0,0
764,2023-04-01,2023-04-01,5,0,0
764,2023-04-01,2023-04-01,6,1,14
765,2023-08-01,2023-08-01,0,1,9
765,2023-08-01,2023-08-01,1,1,14
765,2023-08-01,2023-08-01,2,1,16
766,2023-07-01,2023-07-01,0,1,9
766,2023-07-01,2023-07-01,1,0,0
766,2023-07-01,2023-07-01,2,0,0
766,2023-07-01,2023-07-01,3,0,0
767,2023-05-01,2023-05-01,0,1,6
767,2023-05-01,2023-05-01,1,1,6
767,2023-05-01,2023-05-01,2,1,5
767,2023-05-01,2023-05-01,3,1,10
767,2023-05-01,2023-05-01,4,1,12
767,2023-05-01,2023-05-01,5,0,0
768,2023-02-01,2023-02-01,0,1,8
768,2023-02-01,2023-02-01,1,1,15
768,2023-02-01,2023-02-01,2,0,0
768,2023-02-01,2023-02-01,3,0,0
768,2023-02-01,2023-02-01,4,1,10
768,2023-02-01,2023-02-01,5,0,0
768,2023-02-01,2023-02-01,6,0,0
768,2023-02-01,2023-02-01,7,0,0
768,2023-02-01,2023-02-01,8,0,0
769,2023-04-01,2023-04-01,0,1,10
769,2023-04-01,2023-04-01,1,1,12
769,2023-04-01,2023-04-01,2,1,9
769,2023-04-01,2023-04-01,3,0,0
769,2023-04-01,2023-04-01,4,1,15
769,2023-04-01,2023-04-01,5,0,0
769,2023-04-01,2023-04-01,6,0,0
770,2023-07-01,2023-07-01,0,1,15
770,2023-07-01,2023-07-01,1,1,12
770,2023-07-01,2023-07-01,2,1,8
770,2023-07-01,2023-07-01,3,1,11
771,2023-10-01,2023-10-01,0,1,3
772,2023-01-01,2023-01-01,0,1,5
772,2023-01-01,2023-01-01,1,1,7
772,2023-01-01,2023-01-01,2,1,5
772,2023-01-01,2023-01-01,3,0,0
772,2023-01-01,2023-01-01,4,0,0
772,2023-01-01,2023-01-01,5,1,5
772,2023-01-01,2023-01-01,6,0,0
772,2023-01-01,2023-01-01,7,0,0
772,2023-01-01,2023-01-01,8,0,0
772,2023-01-01,2023-01-01,9,0,0
773,2023-08-01,2023-08-01,0,1,9
773,2023-08-01,2023-08-01,1,1,11
773,2023-08-01,2023-08-01,2,0,0
774,2023-09-01,2023-09-01,0,1,7
774,2023-09-01,2023-09-01,1,0,0
775,2023-10-01,2023-10-01,0,1,9
776,2023-05-01,2023-05-01,0,1,11
776,2023-05-01,2023-05-01,1,1,12
776,2023-05-01,2023-05-01,2,0,0
776,2023-05-01,2023-05-01,3,1,13
776,2023-05-01,2023-05-01,4,1,12
776,2023-05-01,2023-05-01,5,0,0
777,2023-02-01,2023-02-01,0,1,12
777,2023-02-01,2023-02-01,1,0,0
777,2023-02-01,2023-02-01,2,0,0
777,2023-02-01,2023-02-01,3,1,13
777,2023-02-01,2023-02-01,4,0,0
777,2023-02-01,2023-02-01,5,1,6
777,2023-02-01,2023-02-01,6,0,0
777,2023-02-01,2023-02-01,7,0,0
777,2023-02-01,2023-02-01,8,0,0
778,2023-03-01,2023-03-01,0,1,7
778,2023-03-01,2023-03-01,1,1,13
778,2023-03-01,2023-03-01,2,1,15
778,2023-03-01,2023-03-01,3,1,8
778,2023-03-01,2023-03-01,4,0,0
778,2023-03-01,2023-03-01,5,0,0
778,2023-03-01,2023-03-01,6,1,4
778,2023-03-01,2023-03-01,7,0,0
779,2023-09-01,2023-09-01,0,1,9
779,2023-09-01,2023-09-01,1,1,13
780,2023-09-01,2023-09-01,0,1,11
780,2023-09-01,2023-09-01,1,1,6
781,2023-07-01,2023-07-01,0,1,10
781,2023-07-01,2023-07-01,1,1,7
781,2023-07-01,2023-07-01,2,1,15
781,2023-07-01,2023-07-01,3,0,0
782,2023-02-01,2023-02-01,0,1,8
782,2023-02-01,2023-02-01,1,1,8
782,2023-02-01,2023-02-01,2,1,12
782,2023-02-01,2023-02-01,3,1,11
782,2023-02-01,2023-02-01,4,0,0
782,2023-02-01,2023-02-01,5,1,11
782,2023-02-01,2023-02-01,6,0,0
782,2023-02-01,2023-02-01,7,0,0
782,2023-02-01,2023-02-01,8,0,0
783,2023-02-01,2023-02-01,0,1,8
783,2023-02-01,2023-02-01,1,1,9
783,2023-02-01,2023-02-01,2,1,7
783,2023-02-01,2023-02-01,3,0,0
783,2023-02-01,2023-02-01,4,0,0
783,2023-02-01,2023-02-01,5,0,0
783,2023-02-01,2023-02-01,6,0,0
783,2023-02-01,2023-02-01,7,0,0
783,2023-02-01,2023-02-01,8,1,9
784,2023-05-01,2023-05-01,0,1,10
784,2023-05-01,2023-05-01,1,1,16
784,2023-05-01,2023-05-01,2,1,8
784,2023-05-01,2023-05-01,3,1,21
784,2023-05-01,2023-05-01,4,1,9
784,2023-05-01,2023-05-01,5,0,0
785,2023-06-01,2023-06-01,0,1,11
785,2023-06-01,2023-06-01,1,1,8
785,2023-06-01,2023-06-01,2,1,12
785,2023-06-01,2023-06-01,3,1,10
785,2023-06-01,2023-06-01,4,1,10
786,2023-01-01,2023-01-01,0,1,12
786,2023-01-01,2023-01-01,1,1,13
786,2023-01-01,2023-01-01,2,1,7
786,2023-01-01,2023-01-01,3,1,11
786,2023-01-01,2023-01-01,4,0,0
786,2023-01-01,2023-01-01,5,0,0
786,2023-01-01,2023-01-01,6,0,0
786,2023-01-01,2023-01-01,7,0,0
786,2023-01-01,2023-01-01,8,0,0
786,2023-01-01,2023-01-01,9,0,0
787,2023-07-01,2023-07-01,0,1,13
787,2023-07-01,2023-07-01,1,1,11
787,2023-07-01,2023-07-01,2,0,0
787,2023-07-01,2023-07-01,3,1,16
788,2023-06-01,2023-06-01,0,1,11
788,2023-06-01,2023-06-01,1,1,16
788,2023-06-01,2023-06-01,2,1,11
788,2023-06-01,2023-06-01,3,0,0
788,2023-06-01,2023-06-01,4,1,12
789,2023-01-01,2023-01-01,0,1,8
789,2023-01-01,2023-01-01,1,0,0
789,2023-01-01,2023-01-01,2,0,0
789,2023-01-01,2023-01-01,3,0,0
789,2023-01-01,2023-01-01,4,0,0
789,2023-01-01,2023-01-01,5,1,10
789,2023-01-01,2023-01-01,6,0,0
789,2023-01-01,2023-01-01,7,0,0
789,2023-01-01,2023-01-01,8,0,0
789,2023-01-01,2023-01-01,9,0,0
790,2023-01-01,2023-01-01,0,1,9
790,2023-01-01,2023-01-01,1,1,10
790,2023-01-01,2023-01-01,2,1,9
790,2023-01-01,2023-01-01,3,0,0
790,2023-01-01,2023-01-01,4,0,0
790,2023-01-01,2023-01-01,5,0,0
790,2023-01-01,2023-01-01,6,0,0
790,2023-01-01,2023-01-01,7,0,0
790,2023-01-01,2023-01-01,8,1,15
790,2023-01-01,2023-01-01,9,0,0
791,2023-05-01,2023-05-01,0,1,11
791,2023-05-01,2023-05-01,1,0,0
791,2023-05-01,2023-05-01,2,1,5
791,2023-05-01,2023-05-01,3,0,0
791,2023-05-01,2023-05-01,4,0,0
791,2023-05-01,2023-05-01,5,1,13
792,2023-08-01,2023-08-01,0,1,9
792,2023-08-01,2023-08-01,1,1,6
792,2023-08-01,2023-08-01,2,1,9
793,2023-09-01,2023-09-01,0,1,10
793,2023-09-01,2023-09-01,1,1,11
794,2023-05-01,2023-05-01,0,1,14
794,2023-05-01,2023-05-01,1,0,0
794,2023-05-01,2023-05-01,2,1,9
794,2023-05-01,2023-05-01,3,1,20
794,2023-05-01,2023-05-01,4,1,11
794,2023-05-01,2023-05-01,5,0,0
795,2023-03-01,2023-03-01,0,1,6
795,2023-03-01,2023-03-01,1,1,11
795,2023-03-01,2023-03-01,2,1,17
795,2023-03-01,2023-03-01,3,1,14
795,2023-03-01,2023-03-01,4,1,9
795,2023-03-01,2023-03-01,5,0,0
795,2023-03-01,2023-03-01,6,0,0
795,2023-03-01,2023-03-01,7,0,0
796,2023-10-01,2023-10-01,0,1,13
797,2023-05-01,2023-05-01,0,1,5
797,2023-05-01,2023-05-01,1,1,10
797,2023-05-01,2023-05-01,2,0,0
797,2023-05-01,2023-05-01,3,0,0
797,2023-05-01,2023-05-01,4,1,6
797,2023-05-01,2023-05-01,5,0,0
798,2023-04-01,2023-04-01,0,1,15
798,2023-04-01,2023-04-01,1,1,11
798,2023-04-01,2023-04-01,2,1,12
798,2023-04-01,2023-04-01,3,0,0
798,2023-04-01,2023-04-01,4,1,6
798,2023-04-01,2023-04-01,5,0,0
798,2023-04-01,2023-04-01,6,0,0
799,2023-05-01,2023-05-01,0,1,16
799,2023-05-01,2023-05-01,1,1,13
799,2023-05-01,2023-05-01,2,1,11
799,2023-05-01,2023-05-01,3,1,15
799,2023-05-01,2023-05-01,4,0,0
799,2023-05-01,2023-05-01,5,1,14
800,2023-01-01,2023-01-01,0,1,10
800,2023-01-01,2023-01-01,1,1,11
800,2023-01-01,2023-01-01,2,0,0
800,2023-01-01,2023-01-01,3,1,11
800,2023-01-01,2023-01-01,4,0,0
800,2023-01-01,2023-01-01,5,0,0
800,2023-01-01,2023-01-01,6,1,9
800,2023-01-01,2023-01-01,7,0,0
800,2023-01-01,2023-01-01,8,0,0
800,2023-01-01,2023-01-01,9,0,0
801,2023-04-01,2023-04-01,0,1,10
801,2023-04-01,2023-04-01,1,1,12
801,2023-04-01,2023-04-01,2,1,6
801,2023-04-01,2023-04-01,3,0,0
801,2023-04-01,2023-04-01,4,1,11
801,2023-04-01,2023-04-01,5,1,9
801,2023-04-01,2023-04-01,6,0,0
802,2023-06-01,2023-06-01,0,1,12
802,2023-06-01,2023-06-01,1,1,13
802,2023-06-01,2023-06-01,2,0,0
802,2023-06-01,2023-06-01,3,0,0
802,2023-06-01,2023-06-01,4,1,7
803,2023-10-01,2023-10-01,0,1,14
804,2023-08-01,2023-08-01,0,1,11
804,2023-08-01,2023-08-01,1,1,13
804,2023-08-01,2023-08-01,2,1,15
805,2023-08-01,2023-08-01,0,1,10
805,2023-08-01,2023-08-01,1,1,11
805,2023-08-01,2023-08-01,2,0,0
806,2023-06-01,2023-06-01,0,1,11
806,2023-06-01,2023-06-01,1,1,15
806,2023-06-01,2023-06-01,2,0,0
806,2023-06-01,2023-06-01,3,1,8
806,2023-06-01,2023-06-01,4,1,8
807,2023-02-01,2023-02-01,0,1,12
807,2023-02-01,2023-02-01,1,1,6
807,2023-02-01,2023-02-01,2,0,0
807,2023-02-01,2023-02-01,3,1,13
807,2023-02-01,2023-02-01,4,0,0
807,2023-02-01,2023-02-01,5,0,0
807,2023-02-01,2023-02-01,6,0,0
807,2023-02-01,2023-02-01,7,1,13
807,2023-02-01,2023-02-01,8,0,0
808,2023-04-01,2023-04-01,0,1,8
808,2023-04-01,2023-04-01,1,1,5
808,2023-04-01,2023-04-01,2,1,8
808,2023-04-01,2023-04-01,3,1,11
808,2023-04-01,2023-04-01,4,1,5
808,2023-04-01,2023-04-01,5,0,0
808,2023-04-01,2023-04-01,6,1,12
809,2023-10-01,2023-10-01,0,1,14
810,2023-01-01,2023-01-01,0,1,4
810,2023-01-01,2023-01-01,1,1,5
810,2023-01-01,2023-01-01,2,1,13
810,2023-01-01,2023-01-01,3,0,0
810,2023-01-01,2023-01-01,4,1,7
810,2023-01-01,2023-01-01,5,1,10
810,2023-01-01,2023-01-01,6,0,0
810,2023-01-01,2023-01-01,7,0,0
810,2023-01-01,2023-01-01,8,0,0
810,2023-01-01,2023-01-01,9,0,0
811,2023-09-01,2023-09-01,0,1,6
811,2023-09-01,2023-09-01,1,1,10
812,2023-07-01,2023-07-01,0,1,6
812,2023-07-01,2023-07-01,1,0,0
812,2023-07-01,2023-07-01,2,0,0
812,2023-07-01,2023-07-01,3,1,11
813,2023-03-01,2023-03-01,0,1,15
813,2023-03-01,2023-03-01,1,0,0
813,2023-03-01,2023-03-01,2,1,10
813,2023-03-01,2023-03-01,3,0,0
813,2023-03-01,2023-03-01,4,1,9
813,2023-03-01,2023-03-01,5,1,13
813,2023-03-01,2023-03-01,6,0,0
813,2023-03-01,2023-03-01,7,0,0
814,2023-08-01,2023-08-01,0,1,9
814,2023-08-01,2023-08-01,1,1,8
814,2023-08-01,2023-08-01,2,0,0
815,2023-09-01,2023-09-01,0,1,11
815,2023-09-01,2023-09-01,1,1,15
816,2023-01-01,2023-01-01,0,1,12
816,2023-01-01,2023-01-01,1,1,11
816,2023-01-01,2023-01-01,2,0,0
816,2023-01-01,2023-01-01,3,0,0
816,2023-01-01,2023-01-01,4,1,13
816,2023-01-01,2023-01-01,5,0,0
816,2023-01-01,2023-01-01,6,0,0
816,2023-01-01,2023-01-01,7,0,0
816,2023-01-01,2023-01-01,8,0,0
816,2023-01-01,2023-01-01,9,0,0
817,2023-02-01,2023-02-01,0,1,14
817,2023-02-01,2023-02-01,1,1,10
817,2023-02-01,2023-02-01,2,1,7
817,2023-02-01,2023-02-01,3,1,6
817,2023-02-01,2023-02-01,4,0,0
817,2023-02-01,2023-02-01,5,1,13
817,2023-02-01,2023-02-01,6,1,6
817,2023-02-01,2023-02-01,7,0,0
817,2023-02-01,2023-02-01,8,0,0
818,2023-07-01,2023-07-01,0,1,16
818,2023-07-01,2023-07-01,1,0,0
818,2023-07-01,2023-07-01,2,0,0
818,2023-07-01,2023-07-01,3,1,4
819,2023-10-01,2023-10-01,0,1,11
820,2023-01-01,2023-01-01,0,1,8
820,2023-01-01,2023-01-01,1,1,9
820,2023-01-01,2023-01-01,2,0,0
820,2023-01-01,2023-01-01,3,1,5
820,2023-01-01,2023-01-01,4,1,12
820,2023-01-01,2023-01-01,5,0,0
820,2023-01-01,2023-01-01,6,1,5
820,2023-01-01,2023-01-01,7,0,0
820,2023-01-01,2023-01-01,8,0,0
820,2023-01-01,2023-01-01,9,0,0
821,2023-07-01,2023-07-01,0,1,12
821,2023-07-01,2023-07-01,1,1,9
821,2023-07-01,2023-07-01,2,0,0
821,2023-07-01,2023-07-01,3,0,0
822,2023-02-01,2023-02-01,0,1,12
822,2023-02-01,2023-02-01,1,0,0
822,2023-02-01,2023-02-01,2,0,0
822,2023-02-01,2023-02-01,3,1,6
822,2023-02-01,2023-02-01,4,1,11
822,2023-02-01,2023-02-01,5,1,12
822,2023-02-01,2023-02-01,6,1,10
822,2023-02-01,2023-02-01,7,0,0
822,2023-02-01,2023-02-01,8,0,0
823,2023-07-01,2023-07-01,0,1,8
823,2023-07-01,2023-07-01,1,1,12
823,2023-07-01,2023-07-01,2,1,13
823,2023-07-01,2023-07-01,3,0,0
824,2023-07-01,2023-07-01,0,1,10
824,2023-07-01,2023-07-01,1,0,0
824,2023-07-01,2023-07-01,2,0,0
824,2023-07-01,2023-07-01,3,1,11
825,2023-01-01,2023-01-01,0,1,10
825,2023-01-01,2023-01-01,1,1,15
825,2023-01-01,2023-01-01,2,1,14
825,2023-01-01,2023-01-01,3,0,0
825,2023-01-01,2023-01-01,4,0,0
825,2023-01-01,2023-01-01,5,0,0
825,2023-01-01,2023-01-01,6,1,10
825,2023-01-01,2023-01-01,7,1,8
825,2023-01-01,2023-01-01,8,0,0
825,2023-01-01,2023-01-01,9,0,0
826,2023-07-01,2023-07-01,0,1,6
826,2023-07-01,2023-07-01,1,1,10
826,2023-07-01,2023-07-01,2,0,0
826,2023-07-01,2023-07-01,3,1,11
827,2023-09-01,2023-09-01,0,1,18
827,2023-09-01,2023-09-01,1,1,13
828,2023-09-01,2023-09-01,0,1,10
828,2023-09-01,2023-09-01,1,1,9
829,2023-01-01,2023-01-01,0,1,7
829,2023-01-01,2023-01-01,1,1,15
829,2023-01-01,2023-01-01,2,0,0
829,2023-01-01,2023-01-01,3,1,12
829,2023-01-01,2023-01-01,4,0,0
829,2023-01-01,2023-01-01,5,0,0
829,2023-01-01,2023-01-01,6,0,0
829,2023-01-01,2023-01-01,7,0,0
829,2023-01-01,2023-01-01,8,0,0
829,2023-01-01,2023-01-01,9,1,10
830,2023-03-01,2023-03-01,0,1,10
830,2023-03-01,2023-03-01,1,1,16
830,2023-03-01,2023-03-01,2,1,17
830,2023-03-01,2023-03-01,3,0,0
830,2023-03-01,2023-03-01,4,1,7
830,2023-03-01,2023-03-01,5,1,12
830,2023-03-01,2023-03-01,6,0,0
830,2023-03-01,2023-03-01,7,0,0
831,2023-03-01,2023-03-01,0,1,16
831,2023-03-01,2023-03-01,1,1,10
831,2023-03-01,2023-03-01,2,1,9
831,2023-03-01,2023-03-01,3,0,0
831,2023-03-01,2023-03-01,4,0,0
831,2023-03-01,2023-03-01,5,0,0
831,2023-03-01,2023-03-01,6,0,0
831,2023-03-01,2023-03-01,7,0,0
832,2023-05-01,2023-05-01,0,1,8
832,2023-05-01,2023-05-01,1,1,6
832,2023-05-01,2023-05-01,2,0,0
832,2023-05-01,2023-05-01,3,0,0
832,2023-05-01,2023-05-01,4,1,11
832,2023-05-01,2023-05-01,5,0,0
833,2023-02-01,2023-02-01,0,1,7
833,2023-02-01,2023-02-01,1,1,8
833,2023-02-01,2023-02-01,2,1,6
833,2023-02-01,2023-02-01,3,1,12
833,2023-02-01,2023-02-01,4,1,11
833,2023-02-01,2023-02-01,5,0,0
833,2023-02-01,2023-02-01,6,0,0
833,2023-02-01,2023-02-01,7,0,0
833,2023-02-01,2023-02-01,8,0,0
834,2023-09-01,2023-09-01,0,1,13
834,2023-09-01,2023-09-01,1,1,9
835,2023-08-01,2023-08-01,0,1,10
835,2023-08-01,2023-08-01,1,1,8
835,2023-08-01,2023-08-01,2,0,0
836,2023-09-01,2023-09-01,0,1,11
836,2023-09-01,2023-09-01,1,1,9
837,2023-02-01,2023-02-01,0,1,7
837,2023-02-01,2023-02-01,1,1,14
837,2023-02-01,2023-02-01,2,0,0
837,2023-02-01,2023-02-01,3,1,7
837,2023-02-01,2023-02-01,4,1,5
837,2023-02-01,2023-02-01,5,0,0
837,2023-02-01,2023-02-01,6,0,0
837,2023-02-01,2023-02-01,7,0,0
837,2023-02-01,2023-02-01,8,0,0
838,2023-01-01,2023-01-01,0,1,9
838,2023-01-01,2023-01-01,1,1,18
838,2023-01-01,2023-01-01,2,1,8
838,2023-01-01,2023-01-01,3,0,0
838,2023-01-01,2023-01-01,4,0,0
838,2023-01-01,2023-01-01,5,1,11
838,2023-01-01,2023-01-01,6,0,0
838,2023-01-01,2023-01-01,7,0,0
838,2023-01-01,2023-01-01,8,0,0
838,2023-01-01,2023-01-01,9,1,12
839,2023-10-01,2023-10-01,0,1,14
840,2023-03-01,2023-03-01,0,1,10
840,2023-03-01,2023-03-01,1,1,9
840,2023-03-01,2023-03-01,2,1,6
840,2023-03-01,2023-03-01,3,1,5
840,2023-03-01,2023-03-01,4,0,0
840,2023-03-01,2023-03-01,5,1,9
840,2023-03-01,2023-03-01,6,0,0
840,2023-03-01,2023-03-01,7,0,0
841,2023-07-01,2023-07-01,0,1,10
841,2023-07-01,2023-07-01,1,1,11
841,2023-07-01,2023-07-01,2,0,0
841,2023-07-01,2023-07-01,3,0,0
842,2023-10-01,2023-10-01,0,1,9
843,2023-01-01,2023-01-01,0,1,15
843,2023-01-01,2023-01-01,1,1,8
843,2023-01-01,2023-01-01,2,0,0
843,2023-01-01,2023-01-01,3,0,0
843,2023-01-01,2023-01-01,4,1,7
843,2023-01-01,2023-01-01,5,0,0
843,2023-01-01,2023-01-01,6,1,10
843,2023-01-01,2023-01-01,7,0,0
843,2023-01-01,2023-01-01,8,0,0
843,2023-01-01,2023-01-01,9,0,0
844,2023-01-01,2023-01-01,0,1,12
844,2023-01-01,2023-01-01,1,0,0
844,2023-01-01,2023-01-01,2,0,0
844,2023-01-01,2023-01-01,3,1,6
844,2023-01-01,2023-01-01,4,0,0
844,2023-01-01,2023-01-01,5,1,7
844,2023-01-01,2023-01-01,6,1,14
844,2023-01-01,2023-01-01,7,0,0
844,2023-01-01,2023-01-01,8,0,0
844,2023-01-01,2023-01-01,9,0,0
845,2023-01-01,2023-01-01,0,1,13
845,2023-01-01,2023-01-01,1,0,0
845,2023-01-01,2023-01-01,2,1,12
845,2023-01-01,2023-01-01,3,0,0
845,2023-01-01,2023-01-01,4,1,11
845,2023-01-01,2023-01-01,5,0,0
845,2023-01-01,2023-01-01,6,0,0
845,2023-01-01,2023-01-01,7,1,11
845,2023-01-01,2023-01-01,8,0,0
845,2023-01-01,2023-01-01,9,0,0
846,2023-02-01,2023-02-01,0,1,14
846,2023-02-01,2023-02-01,1,1,16
846,2023-02-01,2023-02-01,2,0,0
846,2023-02-01,2023-02-01,3,0,0
846,2023-02-01,2023-02-01,4,0,0
846,2023-02-01,2023-02-01,5,0,0
846,2023-02-01,2023-02-01,6,0,0
846,2023-02-01,2023-02-01,7,0,0
846,2023-02-01,2023-02-01,8,0,0
847,2023-01-01,2023-01-01,0,1,11
847,2023-01-01,2023-01-01,1,1,6
847,2023-01-01,2023-01-01,2,1,6
847,2023-01-01,2023-01-01,3,0,0
847,2023-01-01,2023-01-01,4,0,0
847,2023-01-01,2023-01-01,5,0,0
847,2023-01-01,2023-01-01,6,0,0
847,2023-01-01,2023-01-01,7,0,0
847,2023-01-01,2023-01-01,8,0,0
847,2023-01-01,2023-01-01,9,0,0
848,2023-09-01,2023-09-01,0,1,11
848,2023-09-01,2023-09-01,1,1,4
849,2023-07-01,2023-07-01,0,1,9
849,2023-07-01,2023-07-01,1,1,9
849,2023-07-01,2023-07-01,2,0,0
849,2023-07-01,2023-07-01,3,0,0
850,2023-10-01,2023-10-01,0,1,5
851,2023-09-01,2023-09-01,0,1,8
851,2023-09-01,2023-09-01,1,1,12
852,2023-10-01,2023-10-01,0,1,13
853,2023-03-01,2023-03-01,0,1,11
853,2023-03-01,2023-03-01,1,1,12
853,2023-03-01,2023-03-01,2,1,4
853,2023-03-01,2023-03-01,3,1,13
853,2023-03-01,2023-03-01,4,0,0
853,2023-03-01,2023-03-01,5,0,0
853,2023-03-01,2023-03-01,6,0,0
853,2023-03-01,2023-03-01,7,0,0
854,2023-03-01,2023-03-01,0,1,10
854,2023-03-01,2023-03-01,1,1,7
854,2023-03-01,2023-03-01,2,0,0
854,2023-03-01,2023-03-01,3,0,0
854,2023-03-01,2023-03-01,4,0,0
854,2023-03-01,2023-03-01,5,0,0
854,2023-03-01,2023-03-01,6,0,0
854,2023-03-01,2023-03-01,7,0,0
855,2023-09-01,2023-09-01,0,1,14
855,2023-09-01,2023-09-01,1,1,4
856,2023-03-01,2023-03-01,0,1,11
856,2023-03-01,2023-03-01,1,0,0
856,2023-03-01,2023-03-01,2,0,0
856,2023-03-01,2023-03-01,3,0,0
856,2023-03-01,2023-03-01,4,0,0
856,2023-03-01,2023-03-01,5,1,7
856,2023-03-01,2023-03-01,6,0,0
856,2023-03-01,2023-03-01,7,0,0
857,2023-01-01,2023-01-01,0,1,6
857,2023-01-01,2023-01-01,1,1,5
857,2023-01-01,2023-01-01,2,1,16
857,2023-01-01,2023-01-01,3,0,0
857,2023-01-01,2023-01-01,4,1,9
857,2023-01-01,2023-01-01,5,0,0
857,2023-01-01,2023-01-01,6,0,0
857,2023-01-01,2023-01-01,7,1,12
857,2023-01-01,2023-01-01,8,0,0
857,2023-01-01,2023-01-01,9,1,13
858,2023-07-01,2023-07-01,0,1,9
858,2023-07-01,2023-07-01,1,1,6
858,2023-07-01,2023-07-01,2,0,0
858,2023-07-01,2023-07-01,3,0,0
859,2023-09-01,2023-09-01,0,1,7
859,2023-09-01,2023-09-01,1,1,10
860,2023-10-01,2023-10-01,0,1,6
861,2023-10-01,2023-10-01,0,1,12
862,2023-02-01,2023-02-01,0,1,9
862,2023-02-01,2023-02-01,1,0,0
862,2023-02-01,2023-02-01,2,0,0
862,2023-02-01,2023-02-01,3,0,0
862,2023-02-01,2023-02-01,4,0,0
862,2023-02-01,2023-02-01,5,0,0
862,2023-02-01,2023-02-01,6,0,0
862,2023-02-01,2023-02-01,7,0,0
862,2023-02-01,2023-02-01,8,0,0
863,2023-08-01,2023-08-01,0,1,8
863,2023-08-01,2023-08-01,1,1,10
863,2023-08-01,2023-08-01,2,0,0
864,2023-09-01,2023-09-01,0,1,2
864,2023-09-01,2023-09-01,1,1,6
865,2023-07-01,2023-07-01,0,1,15
865,2023-07-01,2023-07-01,1,0,0
865,2023-07-01,2023-07-01,2,1,10
865,2023-07-01,2023-07-01,3,0,0
866,2023-09-01,2023-09-01,0,1,11
866,2023-09-01,2023-09-01,1,1,9
867,2023-09-01,2023-09-01,0,1,18
867,2023-09-01,2023-09-01,1,0,0
868,2023-05-01,2023-05-01,0,1,15
868,2023-05-01,2023-05-01,1,1,8
868,2023-05-01,2023-05-01,2,0,0
868,2023-05-01,2023-05-01,3,0,0
868,2023-05-01,2023-05-01,4,0,0
868,2023-05-01,2023-05-01,5,0,0
869,2023-01-01,2023-01-01,0,1,7
869,2023-01-01,2023-01-01,1,1,6
869,2023-01-01,2023-01-01,2,0,0
869,2023-01-01,2023-01-01,3,0,0
869,2023-01-01,2023-01-01,4,1,9
869,2023-01-01,2023-01-01,5,0,0
869,2023-01-01,2023-01-01,6,1,12
869,2023-01-01,2023-01-01,7,1,13
869,2023-01-01,2023-01-01,8,0,0
869,2023-01-01,2023-01-01,9,0,0
870,2023-05-01,2023-05-01,0,1,11
870,2023-05-01,2023-05-01,1,1,9
870,2023-05-01,2023-05-01,2,0,0
870,2023-05-01,2023-05-01,3,0,0
870,2023-05-01,2023-05-01,4,0,0
870,2023-05-01,2023-05-01,5,1,12
871,2023-03-01,2023-03-01,0,1,10
871,2023-03-01,2023-03-01,1,1,12
871,2023-03-01,2023-03-01,2,1,6
871,2023-03-01,2023-03-01,3,1,14
871,2023-03-01,2023-03-01,4,0,0
871,2023-03-01,2023-03-01,5,1,6
871,2023-03-01,2023-03-01,6,0,0
871,2023-03-01,2023-03-01,7,0,0
872,2023-02-01,2023-02-01,0,1,10
872,2023-02-01,2023-02-01,1,1,7
872,2023-02-01,2023-02-01,2,1,8
872,2023-02-01,2023-02-01,3,0,0
872,2023-02-01,2023-02-01,4,0,0
872,2023-02-01,2023-02-01,5,0,0
872,2023-02-01,2023-02-01,6,0,0
872,2023-02-01,2023-02-01,7,0,0
872,2023-02-01,2023-02-01,8,0,0
873,2023-02-01,2023-02-01,0,1,12
873,2023-02-01,2023-02-01,1,1,18
873,2023-02-01,2023-02-01,2,0,0
873,2023-02-01,2023-02-01,3,1,9
873,2023-02-01,2023-02-01,4,0,0
873,2023-02-01,2023-02-01,5,1,12
873,2023-02-01,2023-02-01,6,0,0
873,2023-02-01,2023-02-01,7,0,0
873,2023-02-01,2023-02-01,8,0,0
874,2023-07-01,2023-07-01,0,1,9
874,2023-07-01,2023-07-01,1,0,0
874,2023-07-01,2023-07-01,2,0,0
874,2023-07-01,2023-07-01,3,0,0
875,2023-06-01,2023-06-01,0,1,11
875,2023-06-01,2023-06-01,1,1,8
875,2023-06-01,2023-06-01,2,1,14
875,2023-06-01,2023-06-01,3,1,5
875,2023-06-01,2023-06-01,4,0,0
876,2023-06-01,2023-06-01,0,1,9
876,2023-06-01,2023-06-01,1,1,10
876,2023-06-01,2023-06-01,2,1,10
876,2023-06-01,2023-06-01,3,1,14
876,2023-06-01,2023-06-01,4,0,0
877,2023-08-01,2023-08-01,0,1,8
877,2023-08-01,2023-08-01,1,1,11
877,2023-08-01,2023-08-01,2,0,0
878,2023-06-01,2023-06-01,0,1,9
878,2023-06-01,2023-06-01,1,1,9
878,2023-06-01,2023-06-01,2,1,13
878,2023-06-01,2023-06-01,3,1,13
878,2023-06-01,2023-06-01,4,0,0
879,2023-07-01,2023-07-01,0,1,3
879,2023-07-01,2023-07-01,1,1,5
879,2023-07-01,2023-07-01,2,1,3
879,2023-07-01,2023-07-01,3,1,9
880,2023-01-01,2023-01-01,0,1,11
880,2023-01-01,2023-01-01,1,1,11
880,2023-01-01,2023-01-01,2,1,11
880,2023-01-01,2023-01-01,3,1,9
880,2023-01-01,2023-01-01,4,1,12
880,2023-01-01,2023-01-01,5,1,10
880,2023-01-01,2023-01-01,6,0,0
880,2023-01-01,2023-01-01,7,0,0
880,2023-01-01,2023-01-01,8,0,0
880,2023-01-01,2023-01-01,9,0,0
881,2023-09-01,2023-09-01,0,1,12
881,2023-09-01,2023-09-01,1,1,13
882,2023-05-01,2023-05-01,0,1,8
882,2023-05-01,2023-05-01,1,1,10
882,2023-05-01,2023-05-01,2,1,8
882,2023-05-01,2023-05-01,3,1,7
882,2023-05-01,2023-05-01,4,0,0
882,2023-05-01,2023-05-01,5,0,0
883,2023-02-01,2023-02-01,0,1,12
883,2023-02-01,2023-02-01,1,1,9
883,2023-02-01,2023-02-01,2,1,6
883,2023-02-01,2023-02-01,3,1,7
883,2023-02-01,2023-02-01,4,0,0
883,2023-02-01,2023-02-01,5,0,0
883,2023-02-01,2023-02-01,6,0,0
883,2023-02-01,2023-02-01,7,0,0
883,2023-02-01,2023-02-01,8,0,0
884,2023-09-01,2023-09-01,0,1,10
884,2023-09-01,2023-09-01,1,1,14
885,2023-08-01,2023-08-01,0,1,8
885,2023-08-01,2023-08-01,1,1,7
885,2023-08-01,2023-08-01,2,0,0
886,2023-01-01,2023-01-01,0,1,10
886,2023-01-01,2023-01-01,1,1,8
886,2023-01-01,2023-01-01,2,1,8
886,2023-01-01,2023-01-01,3,1,10
886,2023-01-01,2023-01-01,4,0,0
886,2023-01-01,2023-01-01,5,0,0
886,2023-01-01,2023-01-01,6,0,0
886,2023-01-01,2023-01-01,7,0,0
886,2023-01-01,2023-01-01,8,0,0
886,2023-01-01,2023-01-01,9,0,0
887,2023-02-01,2023-02-01,0,1,4
887,2023-02-01,2023-02-01,1,1,11
887,2023-02-01,2023-02-01,2,1,8
887,2023-02-01,2023-02-01,3,1,9
887,2023-02-01,2023-02-01,4,0,0
887,2023-02-01,2023-02-01,5,0,0
887,2023-02-01,2023-02-01,6,0,0
887,2023-02-01,2023-02-01,7,0,0
887,2023-02-01,2023-02-01,8,0,0
888,2023-01-01,2023-01-01,0,1,11
888,2023-01-01,2023-01-01,1,1,13
888,2023-01-01,2023-01-01,2,0,0
888,2023-01-01,2023-01-01,3,0,0
888,2023-01-01,2023-01-01,4,1,11
888,2023-01-01,2023-01-01,5,1,10
888,2023-01-01,2023-01-01,6,0,0
888,2023-01-01,2023-01-01,7,0,0
888,2023-01-01,2023-01-01,8,0,0
888,2023-01-01,2023-01-01,9,0,0
889,2023-03-01,2023-03-01,0,1,10
889,2023-03-01,2023-03-01,1,1,9
889,2023-03-01,2023-03-01,2,1,7
889,2023-03-01,2023-03-01,3,1,11
889,2023-03-01,2023-03-01,4,1,7
889,2023-03-01,2023-03-01,5,0,0
889,2023-03-01,2023-03-01,6,1,12
889,2023-03-01,2023-03-01,7,0,0
890,2023-01-01,2023-01-01,0,1,13
890,2023-01-01,2023-01-01,1,1,7
890,2023-01-01,2023-01-01,2,0,0
890,2023-01-01,2023-01-01,3,0,0
890,2023-01-01,2023-01-01,4,0,0
890,2023-01-01,2023-01-01,5,0,0
890,2023-01-01,2023-01-01,6,0,0
890,2023-01-01,2023-01-01,7,0,0
890,2023-01-01,2023-01-01,8,0,0
890,2023-01-01,2023-01-01,9,0,0
891,2023-08-01,2023-08-01,0,1,5
891,2023-08-01,2023-08-01,1,1,14
891,2023-08-01,2023-08-01,2,1,5
892,2023-06-01,2023-06-01,0,1,11
892,2023-06-01,2023-06-01,1,0,0
892,2023-06-01,2023-06-01,2,0,0
892,2023-06-01,2023-06-01,3,0,0
892,2023-06-01,2023-06-01,4,1,12
893,2023-10-01,2023-10-01,0,1,14
894,2023-08-01,2023-08-01,0,1,18
894,2023-08-01,2023-08-01,1,1,13
894,2023-08-01,2023-08-01,2,1,11
895,2023-07-01,2023-07-01,0,1,9
895,2023-07-01,2023-07-01,1,1,6
895,2023-07-01,2023-07-01,2,1,14
895,2023-07-01,2023-07-01,3,1,11
896,2023-06-01,2023-06-01,0,1,8
896,2023-06-01,2023-06-01,1,1,9
896,2023-06-01,2023-06-01,2,0,0
896,2023-06-01,2023-06-01,3,0,0
896,2023-06-01,2023-06-01,4,1,4
897,2023-01-01,2023-01-01,0,1,13
897,2023-01-01,2023-01-01,1,1,9
897,2023-01-01,2023-01-01,2,0,0
897,2023-01-01,2023-01-01,3,1,7
897,2023-01-01,2023-01-01,4,0,0
897,2023-01-01,2023-01-01,5,0,0
897,2023-01-01,2023-01-01,6,0,0
897,2023-01-01,2023-01-01,7,1,11
897,2023-01-01,2023-01-01,8,0,0
897,2023-01-01,2023-01-01,9,0,0
898,2023-01-01,2023-01-01,0,1,11
898,2023-01-01,2023-01-01,1,1,7
898,2023-01-01,2023-01-01,2,1,11
898,2023-01-01,2023-01-01,3,1,12
898,2023-01-01,2023-01-01,4,0,0
898,2023-01-01,2023-01-01,5,0,0
898,2023-01-01,2023-01-01,6,0,0
898,2023-01-01,2023-01-01,7,0,0
898,2023-01-01,2023-01-01,8,0,0
898,2023-01-01,2023-01-01,9,0,0
899,2023-07-01,2023-07-01,0,1,12
899,2023-07-01,2023-07-01,1,1,11
899,2023-07-01,2023-07-01,2,0,0
899,2023-07-01,2023-07-01,3,1,18
900,2023-01-01,2023-01-01,0,1,10
900,2023-01-01,2023-01-01,1,1,7
900,2023-01-01,2023-01-01,2,1,13
900,2023-01-01,2023-01-01,3,1,11
900,2023-01-01,2023-01-01,4,0,0
900,2023-01-01,2023-01-01,5,0,0
900,2023-01-01,2023-01-01,6,0,0
900,2023-01-01,2023-01-01,7,0,0
900,2023-01-01,2023-01-01,8,0,0
900,2023-01-01,2023-01-01,9,0,0
901,2023-01-01,2023-01-01,0,1,7
901,2023-01-01,2023-01-01,1,1,8
901,2023-01-01,2023-01-01,2,1,14
901,2023-01-01,2023-01-01,3,1,9
901,2023-01-01,2023-01-01,4,1,10
901,2023-01-01,2023-01-01,5,0,0
901,2023-01-01,2023-01-01,6,0,0
901,2023-01-01,2023-01-01,7,0,0
901,2023-01-01,2023-01-01,8,0,0
901,2023-01-01,2023-01-01,9,0,0
902,2023-03-01,2023-03-01,0,1,7
902,2023-03-01,2023-03-01,1,1,10
902,2023-03-01,2023-03-01,2,1,9
902,2023-03-01,2023-03-01,3,0,0
902,2023-03-01,2023-03-01,4,1,6
902,2023-03-01,2023-03-01,5,0,0
902,2023-03-01,2023-03-01,6,0,0
902,2023-03-01,2023-03-01,7,0,0
903,2023-09-01,2023-09-01,0,1,9
903,2023-09-01,2023-09-01,1,0,0
904,2023-05-01,2023-05-01,0,1,11
904,2023-05-01,2023-05-01,1,1,17
904,2023-05-01,2023-05-01,2,1,21
904,2023-05-01,2023-05-01,3,1,6
904,2023-05-01,2023-05-01,4,1,8
904,2023-05-01,2023-05-01,5,0,0
905,2023-08-01,2023-08-01,0,1,17
905,2023-08-01,2023-08-01,1,1,10
905,2023-08-01,2023-08-01,2,0,0
906,2023-05-01,2023-05-01,0,1,12
906,2023-05-01,2023-05-01,1,1,9
906,2023-05-01,2023-05-01,2,1,9
906,2023-05-01,2023-05-01,3,1,12
906,2023-05-01,2023-05-01,4,0,0
906,2023-05-01,2023-05-01,5,0,0
907,2023-02-01,2023-02-01,0,1,9
907,2023-02-01,2023-02-01,1,1,11
907,2023-02-01,2023-02-01,2,1,9
907,2023-02-01,2023-02-01,3,1,9
907,2023-02-01,2023-02-01,4,0,0
907,2023-02-01,2023-02-01,5,0,0
907,2023-02-01,2023-02-01,6,0,0
907,2023-02-01,2023-02-01,7,0,0
907,2023-02-01,2023-02-01,8,0,0
908,2023-04-01,2023-04-01,0,1,10
908,2023-04-01,2023-04-01,1,1,9
908,2023-04-01,2023-04-01,2,1,13
908,2023-04-01,2023-04-01,3,1,7
908,2023-04-01,2023-04-01,4,0,0
908,2023-04-01,2023-04-01,5,1,7
908,2023-04-01,2023-04-01,6,0,0
909,2023-01-01,2023-01-01,0,1,12
909,2023-01-01,2023-01-01,1,1,8
909,2023-01-01,2023-01-01,2,0,0
909,2023-01-01,2023-01-01,3,1,8
909,2023-01-01,2023-01-01,4,0,0
909,2023-01-01,2023-01-01,5,0,0
909,2023-01-01,2023-01-01,6,0,0
909,2023-01-01,2023-01-01,7,0,0
909,2023-01-01,2023-01-01,8,0,0
909,2023-01-01,2023-01-01,9,0,0
910,2023-08-01,2023-08-01,0,1,7
910,2023-08-01,2023-08-01,1,1,6
910,2023-08-01,2023-08-01,2,0,0
911,2023-02-01,2023-02-01,0,1,9
911,2023-02-01,2023-02-01,1,1,4
911,2023-02-01,2023-02-01,2,1,11
911,2023-02-01,2023-02-01,3,0,0
911,2023-02-01,2023-02-01,4,0,0
911,2023-02-01,2023-02-01,5,1,6
911,2023-02-01,2023-02-01,6,0,0
911,2023-02-01,2023-02-01,7,1,13
911,2023-02-01,2023-02-01,8,1,4
912,2023-04-01,2023-04-01,0,1,15
912,2023-04-01,2023-04-01,1,1,8
912,2023-04-01,2023-04-01,2,0,0
912,2023-04-01,2023-04-01,3,0,0
912,2023-04-01,2023-04-01,4,1,10
912,2023-04-01,2023-04-01,5,0,0
912,2023-04-01,2023-04-01,6,0,0
913,2023-10-01,2023-10-01,0,1,11
914,2023-06-01,2023-06-01,0,1,6
914,2023-06-01,2023-06-01,1,1,10
914,2023-06-01,2023-06-01,2,1,11
914,2023-06-01,2023-06-01,3,1,15
914,2023-06-01,2023-06-01,4,0,0
915,2023-05-01,2023-05-01,0,1,12
915,2023-05-01,2023-05-01,1,1,10
915,2023-05-01,2023-05-01,2,1,6
915,2023-05-01,2023-05-01,3,0,0
915,2023-05-01,2023-05-01,4,1,10
915,2023-05-01,2023-05-01,5,1,9
916,2023-06-01,2023-06-01,0,1,8
916,2023-06-01,2023-06-01,1,1,18
916,2023-06-01,2023-06-01,2,1,12
916,2023-06-01,2023-06-01,3,0,0
916,2023-06-01,2023-06-01,4,0,0
917,2023-08-01,2023-08-01,0,1,6
917,2023-08-01,2023-08-01,1,1,14
917,2023-08-01,2023-08-01,2,1,14
918,2023-03-01,2023-03-01,0,1,11
918,2023-03-01,2023-03-01,1,0,0
918,2023-03-01,2023-03-01,2,1,10
918,2023-03-01,2023-03-01,3,0,0
918,2023-03-01,2023-03-01,4,0,0
918,2023-03-01,2023-03-01,5,0,0
918,2023-03-01,2023-03-01,6,0,0
918,2023-03-01,2023-03-01,7,0,0
919,2023-07-01,2023-07-01,0,1,11
919,2023-07-01,2023-07-01,1,1,9
919,2023-07-01,2023-07-01,2,1,11
919,2023-07-01,2023-07-01,3,0,0
920,2023-09-01,2023-09-01,0,1,8
920,2023-09-01,2023-09-01,1,1,9
921,2023-06-01,2023-06-01,0,1,6
921,2023-06-01,2023-06-01,1,1,9
921,2023-06-01,2023-06-01,2,0,0
921,2023-06-01,2023-06-01,3,0,0
921,2023-06-01,2023-06-01,4,0,0
922,2023-05-01,2023-05-01,0,1,12
922,2023-05-01,2023-05-01,1,1,8
922,2023-05-01,2023-05-01,2,0,0
922,2023-05-01,2023-05-01,3,1,10
922,2023-05-01,2023-05-01,4,0,0
922,2023-05-01,2023-05-01,5,1,14
923,2023-02-01,2023-02-01,0,1,10
923,2023-02-01,2023-02-01,1,1,13
923,2023-02-01,2023-02-01,2,1,14
923,2023-02-01,2023-02-01,3,0,0
923,2023-02-01,2023-02-01,4,0,0
923,2023-02-01,2023-02-01,5,0,0
923,2023-02-01,2023-02-01,6,0,0
923,2023-02-01,2023-02-01,7,0,0
923,2023-02-01,2023-02-01,8,0,0
924,2023-03-01,2023-03-01,0,1,13
924,2023-03-01,2023-03-01,1,1,12
924,2023-03-01,2023-03-01,2,1,4
924,2023-03-01,2023-03-01,3,0,0
924,2023-03-01,2023-03-01,4,1,8
924,2023-03-01,2023-03-01,5,0,0
924,2023-03-01,2023-03-01,6,1,8
924,2023-03-01,2023-03-01,7,1,8
925,2023-10-01,2023-10-01,0,1,15
926,2023-06-01,2023-06-01,0,1,9
926,2023-06-01,2023-06-01,1,1,16
926,2023-06-01,2023-06-01,2,1,9
926,2023-06-01,2023-06-01,3,0,0
926,2023-06-01,2023-06-01,4,0,0
927,2023-04-01,2023-04-01,0,1,6
927,2023-04-01,2023-04-01,1,1,7
927,2023-04-01,2023-04-01,2,0,0
927,2023-04-01,2023-04-01,3,0,0
927,2023-04-01,2023-04-01,4,0,0
927,2023-04-01,2023-04-01,5,1,10
927,2023-04-01,2023-04-01,6,0,0
928,2023-05-01,2023-05-01,0,1,8
928,2023-05-01,2023-05-01,1,0,0
928,2023-05-01,2023-05-01,2,1,14
928,2023-05-01,2023-05-01,3,0,0
928,2023-05-01,2023-05-01,4,0,0
928,2023-05-01,2023-05-01,5,0,0
929,2023-06-01,2023-06-01,0,1,12
929,2023-06-01,2023-06-01,1,1,12
929,2023-06-01,2023-06-01,2,0,0
929,2023-06-01,2023-06-01,3,0,0
929,2023-06-01,2023-06-01,4,0,0
930,2023-06-01,2023-06-01,0,1,14
930,2023-06-01,2023-06-01,1,1,16
930,2023-06-01,2023-06-01,2,0,0
930,2023-06-01,2023-06-01,3,1,15
930,2023-06-01,2023-06-01,4,0,0
931,2023-07-01,2023-07-01,0,1,12
931,2023-07-01,2023-07-01,1,1,11
931,2023-07-01,2023-07-01,2,1,10
931,2023-07-01,2023-07-01,3,0,0
932,2023-03-01,2023-03-01,0,1,6
932,2023-03-01,2023-03-01,1,0,0
932,2023-03-01,2023-03-01,2,0,0
932,2023-03-01,2023-03-01,3,1,12
932,2023-03-01,2023-03-01,4,0,0
932,2023-03-01,2023-03-01,5,1,9
932,2023-03-01,2023-03-01,6,0,0
932,2023-03-01,2023-03-01,7,0,0
933,2023-07-01,2023-07-01,0,1,12
933,2023-07-01,2023-07-01,1,1,6
933,2023-07-01,2023-07-01,2,0,0
933,2023-07-01,2023-07-01,3,1,6
934,2023-05-01,2023-05-01,0,1,6
934,2023-05-01,2023-05-01,1,1,16
934,2023-05-01,2023-05-01,2,1,11
934,2023-05-01,2023-05-01,3,1,17
934,2023-05-01,2023-05-01,4,0,0
934,2023-05-01,2023-05-01,5,0,0
935,2023-10-01,2023-10-01,0,1,10
936,2023-02-01,2023-02-01,0,1,16
936,2023-02-01,2023-02-01,1,1,12
936,2023-02-01,2023-02-01,2,1,11
936,2023-02-01,2023-02-01,3,1,6
936,2023-02-01,2023-02-01,4,0,0
936,2023-02-01,2023-02-01,5,1,9
936,2023-02-01,2023-02-01,6,0,0
936,2023-02-01,2023-02-01,7,0,0
936,2023-02-01,2023-02-01,8,0,0
937,2023-02-01,2023-02-01,0,1,11
937,2023-02-01,2023-02-01,1,1,10
937,2023-02-01,2023-02-01,2,1,12
937,2023-02-01,2023-02-01,3,1,10
937,2023-02-01,2023-02-01,4,1,10
937,2023-02-01,2023-02-01,5,0,0
937,2023-02-01,2023-02-01,6,0,0
937,2023-02-01,2023-02-01,7,0,0
937,2023-02-01,2023-02-01,8,0,0
938,2023-05-01,2023-05-01,0,1,11
938,2023-05-01,2023-05-01,1,1,11
938,2023-05-01,2023-05-01,2,1,12
938,2023-05-01,2023-05-01,3,0,0
938,2023-05-01,2023-05-01,4,0,0
938,2023-05-01,2023-05-01,5,0,0
939,2023-06-01,2023-06-01,0,1,10
939,2023-06-01,2023-06-01,1,1,13
939,2023-06-01,2023-06-01,2,0,0
939,2023-06-01,2023-06-01,3,0,0
939,2023-06-01,2023-06-01,4,1,10
940,2023-07-01,2023-07-01,0,1,11
940,2023-07-01,2023-07-01,1,1,16
940,2023-07-01,2023-07-01,2,1,10
940,2023-07-01,2023-07-01,3,1,16
941,2023-05-01,2023-05-01,0,1,10
941,2023-05-01,2023-05-01,1,1,7
941,2023-05-01,2023-05-01,2,0,0
941,2023-05-01,2023-05-01,3,0,0
941,2023-05-01,2023-05-01,4,0,0
941,2023-05-01,2023-05-01,5,0,0
942,2023-10-01,2023-10-01,0,1,9
943,2023-05-01,2023-05-01,0,1,8
943,2023-05-01,2023-05-01,1,1,7
943,2023-05-01,2023-05-01,2,1,13
943,2023-05-01,2023-05-01,3,0,0
943,2023-05-01,2023-05-01,4,1,3
943,2023-05-01,2023-05-01,5,0,0
944,2023-02-01,2023-02-01,0,1,7
944,2023-02-01,2023-02-01,1,0,0
944,2023-02-01,2023-02-01,2,1,11
944,2023-02-01,2023-02-01,3,1,12
944,2023-02-01,2023-02-01,4,0,0
944,2023-02-01,2023-02-01,5,0,0
944,2023-02-01,2023-02-01,6,0,0
944,2023-02-01,2023-02-01,7,0,0
944,2023-02-01,2023-02-01,8,0,0
945,2023-02-01,2023-02-01,0,1,15
945,2023-02-01,2023-02-01,1,1,6
945,2023-02-01,2023-02-01,2,0,0
945,2023-02-01,2023-02-01,3,0,0
945,2023-02-01,2023-02-01,4,0,0
945,2023-02-01,2023-02-01,5,0,0
945,2023-02-01,2023-02-01,6,0,0
945,2023-02-01,2023-02-01,7,0,0
945,2023-02-01,2023-02-01,8,1,12
946,2023-10-01,2023-10-01,0,1,5
947,2023-02-01,2023-02-01,0,1,10
947,2023-02-01,2023-02-01,1,1,11
947,2023-02-01,2023-02-01,2,0,0
947,2023-02-01,2023-02-01,3,0,0
947,2023-02-01,2023-02-01,4,0,0
947,2023-02-01,2023-02-01,5,0,0
947,2023-02-01,2023-02-01,6,0,0
947,2023-02-01,2023-02-01,7,0,0
947,2023-02-01,2023-02-01,8,0,0
948,2023-10-01,2023-10-01,0,1,8
949,2023-03-01,2023-03-01,0,1,12
949,2023-03-01,2023-03-01,1,1,14
949,2023-03-01,2023-03-01,2,1,13
949,2023-03-01,2023-03-01,3,1,8
949,2023-03-01,2023-03-01,4,0,0
949,2023-03-01,2023-03-01,5,1,13
949,2023-03-01,2023-03-01,6,0,0
949,2023-03-01,2023-03-01,7,0,0
950,2023-01-01,2023-01-01,0,1,7
950,2023-01-01,2023-01-01,1,1,7
950,2023-01-01,2023-01-01,2,1,12
950,2023-01-01,2023-01-01,3,1,14
950,2023-01-01,2023-01-01,4,0,0
950,2023-01-01,2023-01-01,5,1,11
950,2023-01-01,2023-01-01,6,0,0
950,2023-01-01,2023-01-01,7,0,0
950,2023-01-01,2023-01-01,8,0,0
950,2023-01-01,2023-01-01,9,0,0
951,2023-04-01,2023-04-01,0,1,10
951,2023-04-01,2023-04-01,1,1,15
951,2023-04-01,2023-04-01,2,1,7
951,2023-04-01,2023-04-01,3,1,4
951,2023-04-01,2023-04-01,4,1,11
951,2023-04-01,2023-04-01,5,0,0
951,2023-04-01,2023-04-01,6,0,0
952,2023-07-01,2023-07-01,0,1,7
952,2023-07-01,2023-07-01,1,1,12
952,2023-07-01,2023-07-01,2,0,0
952,2023-07-01,2023-07-01,3,0,0
953,2023-05-01,2023-05-01,0,1,7
953,2023-05-01,2023-05-01,1,1,16
953,2023-05-01,2023-05-01,2,1,6
953,2023-05-01,2023-05-01,3,0,0
953,2023-05-01,2023-05-01,4,1,6
953,2023-05-01,2023-05-01,5,0,0
954,2023-08-01,2023-08-01,0,1,9
954,2023-08-01,2023-08-01,1,1,17
954,2023-08-01,2023-08-01,2,1,8
955,2023-07-01,2023-07-01,0,1,5
955,2023-07-01,2023-07-01,1,1,7
955,2023-07-01,2023-07-01,2,1,10
955,2023-07-01,2023-07-01,3,1,9
956,2023-05-01,2023-05-01,0,1,8
956,2023-05-01,2023-05-01,1,1,8
956,2023-05-01,2023-05-01,2,1,16
956,2023-05-01,2023-05-01,3,0,0
956,2023-05-01,2023-05-01,4,0,0
956,2023-05-01,2023-05-01,5,0,0
957,2023-07-01,2023-07-01,0,1,11
957,2023-07-01,2023-07-01,1,1,9
957,2023-07-01,2023-07-01,2,1,8
957,2023-07-01,2023-07-01,3,0,0
958,2023-10-01,2023-10-01,0,1,6
959,2023-05-01,2023-05-01,0,1,8
959,2023-05-01,2023-05-01,1,1,10
959,2023-05-01,2023-05-01,2,1,9
959,2023-05-01,2023-05-01,3,1,17
959,2023-05-01,2023-05-01,4,1,9
959,2023-05-01,2023-05-01,5,1,15
960,2023-02-01,2023-02-01,0,1,7
960,2023-02-01,2023-02-01,1,1,15
960,2023-02-01,2023-02-01,2,1,12
960,2023-02-01,2023-02-01,3,0,0
960,2023-02-01,2023-02-01,4,1,10
960,2023-02-01,2023-02-01,5,0,0
960,2023-02-01,2023-02-01,6,1,12
960,2023-02-01,2023-02-01,7,0,0
960,2023-02-01,2023-02-01,8,0,0
961,2023-05-01,2023-05-01,0,1,16
961,2023-05-01,2023-05-01,1,1,8
961,2023-05-01,2023-05-01,2,1,8
961,2023-05-01,2023-05-01,3,1,9
961,2023-05-01,2023-05-01,4,1,10
961,2023-05-01,2023-05-01,5,0,0
962,2023-09-01,2023-09-01,0,1,10
962,2023-09-01,2023-09-01,1,1,9
963,2023-03-01,2023-03-01,0,1,6
963,2023-03-01,2023-03-01,1,1,9
963,2023-03-01,2023-03-01,2,1,5
963,2023-03-01,2023-03-01,3,0,0
963,2023-03-01,2023-03-01,4,0,0
963,2023-03-01,2023-03-01,5,0,0
963,2023-03-01,2023-03-01,6,0,0
963,2023-03-01,2023-03-01,7,1,8
964,2023-10-01,2023-10-01,0,1,12
965,2023-06-01,2023-06-01,0,1,9
965,2023-06-01,2023-06-01,1,1,9
965,2023-06-01,2023-06-01,2,0,0
965,2023-06-01,2023-06-01,3,1,6
965,2023-06-01,2023-06-01,4,0,0
966,2023-07-01,2023-07-01,0,1,7
966,2023-07-01,2023-07-01,1,1,7
966,2023-07-01,2023-07-01,2,1,8
966,2023-07-01,2023-07-01,3,0,0
967,2023-04-01,2023-04-01,0,1,5
967,2023-04-01,2023-04-01,1,1,8
967,2023-04-01,2023-04-01,2,1,8
967,2023-04-01,2023-04-01,3,1,8
967,2023-04-01,2023-04-01,4,1,12
967,2023-04-01,2023-04-01,5,1,10
967,2023-04-01,2023-04-01,6,0,0
968,2023-10-01,2023-10-01,0,1,12
969,2023-01-01,2023-01-01,0,1,9
969,2023-01-01,2023-01-01,1,1,6
969,2023-01-01,2023-01-01,2,0,0
969,2023-01-01,2023-01-01,3,1,7
969,2023-01-01,2023-01-01,4,0,0
969,2023-01-01,2023-01-01,5,0,0
969,2023-01-01,2023-01-01,6,0,0
969,2023-01-01,2023-01-01,7,0,0
969,2023-01-01,2023-01-01,8,0,0
969,2023-01-01,2023-01-01,9,0,0
970,2023-03-01,2023-03-01,0,1,7
970,2023-03-01,2023-03-01,1,0,0
970,2023-03-01,2023-03-01,2,0,0
970,2023-03-01,2023-03-01,3,1,5
970,2023-03-01,2023-03-01,4,1,12
970,2023-03-01,2023-03-01,5,0,0
970,2023-03-01,2023-03-01,6,1,5
970,2023-03-01,2023-03-01,7,1,8
971,2023-05-01,2023-05-01,0,1,14
971,2023-05-01,2023-05-01,1,1,11
971,2023-05-01,2023-05-01,2,0,0
971,2023-05-01,2023-05-01,3,1,8
971,2023-05-01,2023-05-01,4,0,0
971,2023-05-01,2023-05-01,5,1,6
972,2023-05-01,2023-05-01,0,1,13
972,2023-05-01,2023-05-01,1,1,9
972,2023-05-01,2023-05-01,2,1,11
972,2023-05-01,2023-05-01,3,1,10
972,2023-05-01,2023-05-01,4,0,0
972,2023-05-01,2023-05-01,5,0,0
973,2023-05-01,2023-05-01,0,1,11
973,2023-05-01,2023-05-01,1,1,8
973,2023-05-01,2023-05-01,2,0,0
973,2023-05-01,2023-05-01,3,0,0
973,2023-05-01,2023-05-01,4,0,0
973,2023-05-01,2023-05-01,5,0,0
974,2023-02-01,2023-02-01,0,1,13
974,2023-02-01,2023-02-01,1,1,11
974,2023-02-01,2023-02-01,2,1,8
974,2023-02-01,2023-02-01,3,1,13
974,2023-02-01,2023-02-01,4,1,6
974,2023-02-01,2023-02-01,5,0,0
974,2023-02-01,2023-02-01,6,0,0
974,2023-02-01,2023-02-01,7,0,0
974,2023-02-01,2023-02-01,8,0,0
975,2023-03-01,2023-03-01,0,1,11
975,2023-03-01,2023-03-01,1,0,0
975,2023-03-01,2023-03-01,2,1,8
975,2023-03-01,2023-03-01,3,1,7
975,2023-03-01,2023-03-01,4,1,14
975,2023-03-01,2023-03-01,5,0,0
975,2023-03-01,2023-03-01,6,0,0
975,2023-03-01,2023-03-01,7,0,0
976,2023-01-01,2023-01-01,0,1,4
976,2023-01-01,2023-01-01,1,1,6
976,2023-01-01,2023-01-01,2,1,3
976,2023-01-01,2023-01-01,3,0,0
976,2023-01-01,2023-01-01,4,0,0
976,2023-01-01,2023-01-01,5,1,8
976,2023-01-01,2023-01-01,6,1,11
976,2023-01-01,2023-01-01,7,1,7
976,2023-01-01,2023-01-01,8,0,0
976,2023-01-01,2023-01-01,9,0,0
977,2023-06-01,2023-06-01,0,1,13
977,2023-06-01,2023-06-01,1,1,6
977,2023-06-01,2023-06-01,2,1,11
977,2023-06-01,2023-06-01,3,0,0
977,2023-06-01,2023-06-01,4,1,11
978,2023-04-01,2023-04-01,0,1,14
978,2023-04-01,2023-04-01,1,1,8
978,2023-04-01,2023-04-01,2,0,0
978,2023-04-01,2023-04-01,3,0,0
978,2023-04-01,2023-04-01,4,1,5
978,2023-04-01,2023-04-01,5,1,9
978,2023-04-01,2023-04-01,6,1,6
979,2023-06-01,2023-06-01,0,1,8
979,2023-06-01,2023-06-01,1,1,8
979,2023-06-01,2023-06-01,2,1,14
979,2023-06-01,2023-06-01,3,0,0
979,2023-06-01,2023-06-01,4,1,9
980,2023-06-01,2023-06-01,0,1,13
980,2023-06-01,2023-06-01,1,0,0
980,2023-06-01,2023-06-01,2,1,11
980,2023-06-01,2023-06-01,3,1,13
980,2023-06-01,2023-06-01,4,0,0
981,2023-08-01,2023-08-01,0,1,12
981,2023-08-01,2023-08-01,1,1,8
981,2023-08-01,2023-08-01,2,1,8
982,2023-06-01,2023-06-01,0,1,16
982,2023-06-01,2023-06-01,1,1,10
982,2023-06-01,2023-06-01,2,0,0
982,2023-06-01,2023-06-01,3,1,6
982,2023-06-01,2023-06-01,4,1,5
983,2023-07-01,2023-07-01,0,1,4
983,2023-07-01,2023-07-01,1,1,10
983,2023-07-01,2023-07-01,2,1,8
983,2023-07-01,2023-07-01,3,0,0
984,2023-06-01,2023-06-01,0,1,13
984,2023-06-01,2023-06-01,1,1,9
984,2023-06-01,2023-06-01,2,1,10
984,2023-06-01,2023-06-01,3,0,0
984,2023-06-01,2023-06-01,4,0,0
985,2023-07-01,2023-07-01,0,1,8
985,2023-07-01,2023-07-01,1,1,6
985,2023-07-01,2023-07-01,2,1,15
985,2023-07-01,2023-07-01,3,0,0
986,2023-07-01,2023-07-01,0,1,14
986,2023-07-01,2023-07-01,1,1,10
986,2023-07-01,2023-07-01,2,1,7
986,2023-07-01,2023-07-01,3,0,0
987,2023-04-01,2023-04-01,0,1,4
987,2023-04-01,2023-04-01,1,1,14
987,2023-04-01,2023-04-01,2,0,0
987,2023-04-01,2023-04-01,3,1,10
987,2023-04-01,2023-04-01,4,1,7
987,2023-04-01,2023-04-01,5,1,11
987,2023-04-01,2023-04-01,6,0,0
988,2023-03-01,2023-03-01,0,1,15
988,2023-03-01,2023-03-01,1,1,7
988,2023-03-01,2023-03-01,2,1,9
988,2023-03-01,2023-03-01,3,1,9
988,2023-03-01,2023-03-01,4,0,0
988,2023-03-01,2023-03-01,5,1,10
988,2023-03-01,2023-03-01,6,0,0
988,2023-03-01,2023-03-01,7,0,0
989,2023-08-01,2023-08-01,0,1,10
989,2023-08-01,2023-08-01,1,1,11
989,2023-08-01,2023-08-01,2,1,9
990,2023-04-01,2023-04-01,0,1,7
990,2023-04-01,2023-04-01,1,1,12
990,2023-04-01,2023-04-01,2,1,9
990,2023-04-01,2023-04-01,3,0,0
990,2023-04-01,2023-04-01,4,0,0
990,2023-04-01,2023-04-01,5,0,0
990,2023-04-01,2023-04-01,6,0,0
991,2023-06-01,2023-06-01,0,1,10
991,2023-06-01,2023-06-01,1,1,5
991,2023-06-01,2023-06-01,2,0,0
991,2023-06-01,2023-06-01,3,1,16
991,2023-06-01,2023-06-01,4,0,0
992,2023-02-01,2023-02-01,0,1,10
992,2023-02-01,2023-02-01,1,1,11
992,2023-02-01,2023-02-01,2,1,4
992,2023-02-01,2023-02-01,3,1,6
992,2023-02-01,2023-02-01,4,0,0
992,2023-02-01,2023-02-01,5,0,0
992,2023-02-01,2023-02-01,6,0,0
992,2023-02-01,2023-02-01,7,0,0
992,2023-02-01,2023-02-01,8,0,0
993,2023-05-01,2023-05-01,0,1,10
993,2023-05-01,2023-05-01,1,1,8
993,2023-05-01,2023-05-01,2,1,13
993,2023-05-01,2023-05-01,3,1,12
993,2023-05-01,2023-05-01,4,0,0
993,2023-05-01,2023-05-01,5,0,0
994,2023-06-01,2023-06-01,0,1,10
994,2023-06-01,2023-06-01,1,1,9
994,2023-06-01,2023-06-01,2,1,10
994,2023-06-01,2023-06-01,3,0,0
994,2023-06-01,2023-06-01,4,0,0
995,2023-07-01,2023-07-01,0,1,8
995,2023-07-01,2023-07-01,1,1,13
995,2023-07-01,2023-07-01,2,1,3
995,2023-07-01,2023-07-01,3,1,9
996,2023-06-01,2023-06-01,0,1,6
996,2023-06-01,2023-06-01,1,1,9
996,2023-06-01,2023-06-01,2,1,8
996,2023-06-01,2023-06-01,3,0,0
996,2023-06-01,2023-06-01,4,0,0
997,2023-04-01,2023-04-01,0,1,5
997,2023-04-01,2023-04-01,1,0,0
997,2023-04-01,2023-04-01,2,0,0
997,2023-04-01,2023-04-01,3,1,10
997,2023-04-01,2023-04-01,4,0,0
997,2023-04-01,2023-04-01,5,0,0
997,2023-04-01,2023-04-01,6,0,0
998,2023-10-01,2023-10-01,0,1,7
999,2023-06-01,2023-06-01,0,1,11
999,2023-06-01,2023-06-01,1,0,0
999,2023-06-01,2023-06-01,2,1,13
999,2023-06-01,2023-06-01,3,0,0
999,2023-06-01,2023-06-01,4,0,0
